{
  "type": "FeatureCollection",
  "name": "travelmap_regions",
  "features": [
    {"type":"Feature","properties":{"name":"N1E1","label":"N1E1","text":"N1E1","region":"N1E1","covered":false,"maps":1,"map_bytes":54012,"profiles":"12","west":0.000000,"south":0.000000,"east":10.000000,"north":9.450000,"lon":5.000000,"lat":4.725000,"stroke":"#9aa0a6","stroke-width":1,"fill":"#9aa0a6","fill-opacity":0.06,"marker-color":"#9aa0a6"},"geometry":{"type":"Polygon","coordinates":[[[0.000000,0.000000],[10.000000,0.000000],[10.000000,9.450000],[0.000000,9.450000],[0.000000,0.000000]]]}},
    {"type":"Feature","properties":{"name":"N1E10","label":"N1E10","text":"N1E10","region":"N1E10","covered":false,"maps":1,"map_bytes":59752,"profiles":"12","west":90.000000,"south":0.000000,"east":100.000000,"north":9.450000,"lon":95.000000,"lat":4.725000,"stroke":"#9aa0a6","stroke-width":1,"fill":"#9aa0a6","fill-opacity":0.06,"marker-color":"#9aa0a6"},"geometry":{"type":"Polygon","coordinates":[[[90.000000,0.000000],[100.000000,0.000000],[100.000000,9.450000],[90.000000,9.450000],[90.000000,0.000000]]]}},
    {"type":"Feature","properties":{"name":"N1E11","label":"N1E11","text":"N1E11","region":"N1E11","covered":false,"maps":1,"map_bytes":103440,"profiles":"12","west":100.000000,"south":0.000000,"east":110.000000,"north":9.450000,"lon":105.000000,"lat":4.725000,"stroke":"#9aa0a6","stroke-width":1,"fill":"#9aa0a6","fill-opacity":0.06,"marker-color":"#9aa0a6"},"geometry":{"type":"Polygon","coordinates":[[[100.000000,0.000000],[110.000000,0.000000],[110.000000,9.450000],[100.000000,9.450000],[100.000000,0.000000]]]}},
    {"type":"Feature","properties":{"name":"N1E12","label":"N1E12","text":"N1E12","region":"N1E12","covered":false,"maps":1,"map_bytes":68352,"profiles":"12","west":110.000000,"south":0.000000,"east":120.000000,"north":9.450000,"lon":115.000000,"lat":4.725000,"stroke":"#9aa0a6","stroke-width":1,"fill":"#9aa0a6","fill-opacity":0.06,"marker-color":"#9aa0a6"},"geometry":{"type":"Polygon","coordinates":[[[110.000000,0.000000],[120.000000,0.000000],[120.000000,9.450000],[110.000000,9.450000],[110.000000,0.000000]]]}},
    {"type":"Feature","properties":{"name":"N1E13","label":"N1E13","text":"N1E13","region":"N1E13","covered":false,"maps":1,"map_bytes":85400,"profiles":"12","west":120.000000,"south":0.000000,"east":130.000000,"north":9.450000,"lon":125.000000,"lat":4.725000,"stroke":"#9aa0a6","stroke-width":1,"fill":"#9aa0a6","fill-opacity":0.06,"marker-color":"#9aa0a6"},"geometry":{"type":"Polygon","coordinates":[[[120.000000,0.000000],[130.000000,0.000000],[130.000000,9.450000],[120.000000,9.450000],[120.000000,0.000000]]]}},
    {"type":"Feature","properties":{"name":"N1E14","label":"N1E14","text":"N1E14","region":"N1E14","covered":false,"maps":1,"map_bytes":23972,"profiles":"12","west":130.000000,"south":0.000000,"east":140.000000,"north":9.450000,"lon":135.000000,"lat":4.725000,"stroke":"#9aa0a6","stroke-width":1,"fill":"#9aa0a6","fill-opacity":0.06,"marker-color":"#9aa0a6"},"geometry":{"type":"Polygon","coordinates":[[[130.000000,0.000000],[140.000000,0.000000],[140.000000,9.450000],[130.000000,9.450000],[130.000000,0.000000]]]}},
    {"type":"Feature","properties":{"name":"N1E15","label":"N1E15","text":"N1E15","region":"N1E15","covered":false,"maps":1,"map_bytes":33204,"profiles":"12","west":140.000000,"south":0.000000,"east":150.000000,"north":9.450000,"lon":145.000000,"lat":4.725000,"stroke":"#9aa0a6","stroke-width":1,"fill":"#9aa0a6","fill-opacity":0.06,"marker-color":"#9aa0a6"},"geometry":{"type":"Polygon","coordinates":[[[140.000000,0.000000],[150.000000,0.000000],[150.000000,9.450000],[140.000000,9.450000],[140.000000,0.000000]]]}},
    {"type":"Feature","properties":{"name":"N1E16","label":"N1E16","text":"N1E16","region":"N1E16","covered":false,"maps":1,"map_bytes":35508,"profiles":"12","west":150.000000,"south":0.000000,"east":160.000000,"north":9.450000,"lon":155.000000,"lat":4.725000,"stroke":"#9aa0a6","stroke-width":1,"fill":"#9aa0a6","fill-opacity":0.06,"marker-color":"#9aa0a6"},"geometry":{"type":"Polygon","coordinates":[[[150.000000,0.000000],[160.000000,0.000000],[160.000000,9.450000],[150.000000,9.450000],[150.000000,0.000000]]]}},
    {"type":"Feature","properties":{"name":"N1E17","label":"N1E17","text":"N1E17","region":"N1E17","covered":false,"maps":1,"map_bytes":37472,"profiles":"12","west":160.000000,"south":0.000000,"east":170.000000,"north":9.450000,"lon":165.000000,"lat":4.725000,"stroke":"#9aa0a6","stroke-width":1,"fill":"#9aa0a6","fill-opacity":0.06,"marker-color":"#9aa0a6"},"geometry":{"type":"Polygon","coordinates":[[[160.000000,0.000000],[170.000000,0.000000],[170.000000,9.450000],[160.000000,9.450000],[160.000000,0.000000]]]}},
    {"type":"Feature","properties":{"name":"N1E18","label":"N1E18","text":"N1E18","region":"N1E18","covered":false,"maps":1,"map_bytes":30584,"profiles":"12","west":170.000000,"south":0.000000,"east":180.000000,"north":9.450000,"lon":175.000000,"lat":4.725000,"stroke":"#9aa0a6","stroke-width":1,"fill":"#9aa0a6","fill-opacity":0.06,"marker-color":"#9aa0a6"},"geometry":{"type":"Polygon","coordinates":[[[170.000000,0.000000],[180.000000,0.000000],[180.000000,9.450000],[170.000000,9.450000],[170.000000,0.000000]]]}},
    {"type":"Feature","properties":{"name":"N1E2","label":"N1E2","text":"N1E2","region":"N1E2","covered":false,"maps":1,"map_bytes":11568,"profiles":"12","west":10.000000,"south":0.000000,"east":20.000000,"north":9.450000,"lon":15.000000,"lat":4.725000,"stroke":"#9aa0a6","stroke-width":1,"fill":"#9aa0a6","fill-opacity":0.06,"marker-color":"#9aa0a6"},"geometry":{"type":"Polygon","coordinates":[[[10.000000,0.000000],[20.000000,0.000000],[20.000000,9.450000],[10.000000,9.450000],[10.000000,0.000000]]]}},
    {"type":"Feature","properties":{"name":"N1E3","label":"N1E3","text":"N1E3","region":"N1E3","covered":false,"maps":1,"map_bytes":8632,"profiles":"12","west":20.000000,"south":0.000000,"east":30.000000,"north":9.450000,"lon":25.000000,"lat":4.725000,"stroke":"#9aa0a6","stroke-width":1,"fill":"#9aa0a6","fill-opacity":0.06,"marker-color":"#9aa0a6"},"geometry":{"type":"Polygon","coordinates":[[[20.000000,0.000000],[30.000000,0.000000],[30.000000,9.450000],[20.000000,9.450000],[20.000000,0.000000]]]}},
    {"type":"Feature","properties":{"name":"N1E4","label":"N1E4","text":"N1E4","region":"N1E4","covered":false,"maps":1,"map_bytes":63108,"profiles":"12","west":30.000000,"south":0.000000,"east":40.000000,"north":9.450000,"lon":35.000000,"lat":4.725000,"stroke":"#9aa0a6","stroke-width":1,"fill":"#9aa0a6","fill-opacity":0.06,"marker-color":"#9aa0a6"},"geometry":{"type":"Polygon","coordinates":[[[30.000000,0.000000],[40.000000,0.000000],[40.000000,9.450000],[30.000000,9.450000],[30.000000,0.000000]]]}},
    {"type":"Feature","properties":{"name":"N1E5","label":"N1E5","text":"N1E5","region":"N1E5","covered":false,"maps":1,"map_bytes":12948,"profiles":"12","west":40.000000,"south":0.000000,"east":50.000000,"north":9.450000,"lon":45.000000,"lat":4.725000,"stroke":"#9aa0a6","stroke-width":1,"fill":"#9aa0a6","fill-opacity":0.06,"marker-color":"#9aa0a6"},"geometry":{"type":"Polygon","coordinates":[[[40.000000,0.000000],[50.000000,0.000000],[50.000000,9.450000],[40.000000,9.450000],[40.000000,0.000000]]]}},
    {"type":"Feature","properties":{"name":"N1E6","label":"N1E6","text":"N1E6","region":"N1E6","covered":false,"maps":1,"map_bytes":25336,"profiles":"12","west":50.000000,"south":0.000000,"east":60.000000,"north":9.450000,"lon":55.000000,"lat":4.725000,"stroke":"#9aa0a6","stroke-width":1,"fill":"#9aa0a6","fill-opacity":0.06,"marker-color":"#9aa0a6"},"geometry":{"type":"Polygon","coordinates":[[[50.000000,0.000000],[60.000000,0.000000],[60.000000,9.450000],[50.000000,9.450000],[50.000000,0.000000]]]}},
    {"type":"Feature","properties":{"name":"N1E7","label":"N1E7","text":"N1E7","region":"N1E7","covered":false,"maps":1,"map_bytes":20288,"profiles":"12","west":60.000000,"south":0.000000,"east":70.000000,"north":9.450000,"lon":65.000000,"lat":4.725000,"stroke":"#9aa0a6","stroke-width":1,"fill":"#9aa0a6","fill-opacity":0.06,"marker-color":"#9aa0a6"},"geometry":{"type":"Polygon","coordinates":[[[60.000000,0.000000],[70.000000,0.000000],[70.000000,9.450000],[60.000000,9.450000],[60.000000,0.000000]]]}},
    {"type":"Feature","properties":{"name":"N1E8","label":"N1E8","text":"N1E8","region":"N1E8","covered":false,"maps":1,"map_bytes":31736,"profiles":"12","west":70.000000,"south":0.000000,"east":80.000000,"north":9.450000,"lon":75.000000,"lat":4.725000,"stroke":"#9aa0a6","stroke-width":1,"fill":"#9aa0a6","fill-opacity":0.06,"marker-color":"#9aa0a6"},"geometry":{"type":"Polygon","coordinates":[[[70.000000,0.000000],[80.000000,0.000000],[80.000000,9.450000],[70.000000,9.450000],[70.000000,0.000000]]]}},
    {"type":"Feature","properties":{"name":"N1E9","label":"N1E9","text":"N1E9","region":"N1E9","covered":false,"maps":1,"map_bytes":36464,"profiles":"12","west":80.000000,"south":0.000000,"east":90.000000,"north":9.450000,"lon":85.000000,"lat":4.725000,"stroke":"#9aa0a6","stroke-width":1,"fill":"#9aa0a6","fill-opacity":0.06,"marker-color":"#9aa0a6"},"geometry":{"type":"Polygon","coordinates":[[[80.000000,0.000000],[90.000000,0.000000],[90.000000,9.450000],[80.000000,9.450000],[80.000000,0.000000]]]}},
    {"type":"Feature","properties":{"name":"N1W1","label":"N1W1","text":"N1W1","region":"N1W1","covered":false,"maps":1,"map_bytes":78768,"profiles":"12","west":-10.000000,"south":0.000000,"east":0.000000,"north":9.450000,"lon":-5.000000,"lat":4.725000,"stroke":"#9aa0a6","stroke-width":1,"fill":"#9aa0a6","fill-opacity":0.06,"marker-color":"#9aa0a6"},"geometry":{"type":"Polygon","coordinates":[[[-10.000000,0.000000],[0.000000,0.000000],[0.000000,9.450000],[-10.000000,9.450000],[-10.000000,0.000000]]]}},
    {"type":"Feature","properties":{"name":"N1W10","label":"N1W10","text":"N1W10","region":"N1W10","covered":false,"maps":1,"map_bytes":28464,"profiles":"12","west":-100.000000,"south":0.000000,"east":-90.000000,"north":9.450000,"lon":-95.000000,"lat":4.725000,"stroke":"#9aa0a6","stroke-width":1,"fill":"#9aa0a6","fill-opacity":0.06,"marker-color":"#9aa0a6"},"geometry":{"type":"Polygon","coordinates":[[[-100.000000,0.000000],[-90.000000,0.000000],[-90.000000,9.450000],[-100.000000,9.450000],[-100.000000,0.000000]]]}},
    {"type":"Feature","properties":{"name":"N1W11","label":"N1W11","text":"N1W11","region":"N1W11","covered":false,"maps":1,"map_bytes":22300,"profiles":"12","west":-110.000000,"south":0.000000,"east":-100.000000,"north":9.450000,"lon":-105.000000,"lat":4.725000,"stroke":"#9aa0a6","stroke-width":1,"fill":"#9aa0a6","fill-opacity":0.06,"marker-color":"#9aa0a6"},"geometry":{"type":"Polygon","coordinates":[[[-110.000000,0.000000],[-100.000000,0.000000],[-100.000000,9.450000],[-110.000000,9.450000],[-110.000000,0.000000]]]}},
    {"type":"Feature","properties":{"name":"N1W12","label":"N1W12","text":"N1W12","region":"N1W12","covered":false,"maps":1,"map_bytes":23392,"profiles":"12","west":-120.000000,"south":0.000000,"east":-110.000000,"north":9.450000,"lon":-115.000000,"lat":4.725000,"stroke":"#9aa0a6","stroke-width":1,"fill":"#9aa0a6","fill-opacity":0.06,"marker-color":"#9aa0a6"},"geometry":{"type":"Polygon","coordinates":[[[-120.000000,0.000000],[-110.000000,0.000000],[-110.000000,9.450000],[-120.000000,9.450000],[-120.000000,0.000000]]]}},
    {"type":"Feature","properties":{"name":"N1W13","label":"N1W13","text":"N1W13","region":"N1W13","covered":false,"maps":1,"map_bytes":19880,"profiles":"12","west":-130.000000,"south":0.000000,"east":-120.000000,"north":9.450000,"lon":-125.000000,"lat":4.725000,"stroke":"#9aa0a6","stroke-width":1,"fill":"#9aa0a6","fill-opacity":0.06,"marker-color":"#9aa0a6"},"geometry":{"type":"Polygon","coordinates":[[[-130.000000,0.000000],[-120.000000,0.000000],[-120.000000,9.450000],[-130.000000,9.450000],[-130.000000,0.000000]]]}},
    {"type":"Feature","properties":{"name":"N1W14","label":"N1W14","text":"N1W14","region":"N1W14","covered":false,"maps":1,"map_bytes":15372,"profiles":"12","west":-140.000000,"south":0.000000,"east":-130.000000,"north":9.450000,"lon":-135.000000,"lat":4.725000,"stroke":"#9aa0a6","stroke-width":1,"fill":"#9aa0a6","fill-opacity":0.06,"marker-color":"#9aa0a6"},"geometry":{"type":"Polygon","coordinates":[[[-140.000000,0.000000],[-130.000000,0.000000],[-130.000000,9.450000],[-140.000000,9.450000],[-140.000000,0.000000]]]}},
    {"type":"Feature","properties":{"name":"N1W15","label":"N1W15","text":"N1W15","region":"N1W15","covered":false,"maps":1,"map_bytes":21952,"profiles":"12","west":-150.000000,"south":0.000000,"east":-140.000000,"north":9.450000,"lon":-145.000000,"lat":4.725000,"stroke":"#9aa0a6","stroke-width":1,"fill":"#9aa0a6","fill-opacity":0.06,"marker-color":"#9aa0a6"},"geometry":{"type":"Polygon","coordinates":[[[-150.000000,0.000000],[-140.000000,0.000000],[-140.000000,9.450000],[-150.000000,9.450000],[-150.000000,0.000000]]]}},
    {"type":"Feature","properties":{"name":"N1W16","label":"N1W16","text":"N1W16","region":"N1W16","covered":false,"maps":1,"map_bytes":27880,"profiles":"12","west":-160.000000,"south":0.000000,"east":-150.000000,"north":9.450000,"lon":-155.000000,"lat":4.725000,"stroke":"#9aa0a6","stroke-width":1,"fill":"#9aa0a6","fill-opacity":0.06,"marker-color":"#9aa0a6"},"geometry":{"type":"Polygon","coordinates":[[[-160.000000,0.000000],[-150.000000,0.000000],[-150.000000,9.450000],[-160.000000,9.450000],[-160.000000,0.000000]]]}},
    {"type":"Feature","properties":{"name":"N1W17","label":"N1W17","text":"N1W17","region":"N1W17","covered":false,"maps":1,"map_bytes":30212,"profiles":"12","west":-170.000000,"south":0.000000,"east":-160.000000,"north":9.450000,"lon":-165.000000,"lat":4.725000,"stroke":"#9aa0a6","stroke-width":1,"fill":"#9aa0a6","fill-opacity":0.06,"marker-color":"#9aa0a6"},"geometry":{"type":"Polygon","coordinates":[[[-170.000000,0.000000],[-160.000000,0.000000],[-160.000000,9.450000],[-170.000000,9.450000],[-170.000000,0.000000]]]}},
    {"type":"Feature","properties":{"name":"N1W18","label":"N1W18","text":"N1W18","region":"N1W18","covered":false,"maps":1,"map_bytes":30732,"profiles":"12","west":-180.000000,"south":0.000000,"east":-170.000000,"north":9.450000,"lon":-175.000000,"lat":4.725000,"stroke":"#9aa0a6","stroke-width":1,"fill":"#9aa0a6","fill-opacity":0.06,"marker-color":"#9aa0a6"},"geometry":{"type":"Polygon","coordinates":[[[-180.000000,0.000000],[-170.000000,0.000000],[-170.000000,9.450000],[-180.000000,9.450000],[-180.000000,0.000000]]]}},
    {"type":"Feature","properties":{"name":"N1W2","label":"N1W2","text":"N1W2","region":"N1W2","covered":false,"maps":1,"map_bytes":43860,"profiles":"12","west":-20.000000,"south":0.000000,"east":-10.000000,"north":9.450000,"lon":-15.000000,"lat":4.725000,"stroke":"#9aa0a6","stroke-width":1,"fill":"#9aa0a6","fill-opacity":0.06,"marker-color":"#9aa0a6"},"geometry":{"type":"Polygon","coordinates":[[[-20.000000,0.000000],[-10.000000,0.000000],[-10.000000,9.450000],[-20.000000,9.450000],[-20.000000,0.000000]]]}},
    {"type":"Feature","properties":{"name":"N1W3","label":"N1W3","text":"N1W3","region":"N1W3","covered":false,"maps":1,"map_bytes":39396,"profiles":"12","west":-30.000000,"south":0.000000,"east":-20.000000,"north":9.450000,"lon":-25.000000,"lat":4.725000,"stroke":"#9aa0a6","stroke-width":1,"fill":"#9aa0a6","fill-opacity":0.06,"marker-color":"#9aa0a6"},"geometry":{"type":"Polygon","coordinates":[[[-30.000000,0.000000],[-20.000000,0.000000],[-20.000000,9.450000],[-30.000000,9.450000],[-30.000000,0.000000]]]}},
    {"type":"Feature","properties":{"name":"N1W4","label":"N1W4","text":"N1W4","region":"N1W4","covered":false,"maps":1,"map_bytes":33268,"profiles":"12","west":-40.000000,"south":0.000000,"east":-30.000000,"north":9.450000,"lon":-35.000000,"lat":4.725000,"stroke":"#9aa0a6","stroke-width":1,"fill":"#9aa0a6","fill-opacity":0.06,"marker-color":"#9aa0a6"},"geometry":{"type":"Polygon","coordinates":[[[-40.000000,0.000000],[-30.000000,0.000000],[-30.000000,9.450000],[-40.000000,9.450000],[-40.000000,0.000000]]]}},
    {"type":"Feature","properties":{"name":"N1W5","label":"N1W5","text":"N1W5","region":"N1W5","covered":false,"maps":1,"map_bytes":28908,"profiles":"12","west":-50.000000,"south":0.000000,"east":-40.000000,"north":9.450000,"lon":-45.000000,"lat":4.725000,"stroke":"#9aa0a6","stroke-width":1,"fill":"#9aa0a6","fill-opacity":0.06,"marker-color":"#9aa0a6"},"geometry":{"type":"Polygon","coordinates":[[[-50.000000,0.000000],[-40.000000,0.000000],[-40.000000,9.450000],[-50.000000,9.450000],[-50.000000,0.000000]]]}},
    {"type":"Feature","properties":{"name":"N1W6","label":"N1W6","text":"N1W6","region":"N1W6","covered":false,"maps":1,"map_bytes":64560,"profiles":"12","west":-60.000000,"south":0.000000,"east":-50.000000,"north":9.450000,"lon":-55.000000,"lat":4.725000,"stroke":"#9aa0a6","stroke-width":1,"fill":"#9aa0a6","fill-opacity":0.06,"marker-color":"#9aa0a6"},"geometry":{"type":"Polygon","coordinates":[[[-60.000000,0.000000],[-50.000000,0.000000],[-50.000000,9.450000],[-60.000000,9.450000],[-60.000000,0.000000]]]}},
    {"type":"Feature","properties":{"name":"N1W7","label":"N1W7","text":"N1W7","region":"N1W7","covered":false,"maps":1,"map_bytes":18800,"profiles":"12","west":-70.000000,"south":0.000000,"east":-60.000000,"north":9.450000,"lon":-65.000000,"lat":4.725000,"stroke":"#9aa0a6","stroke-width":1,"fill":"#9aa0a6","fill-opacity":0.06,"marker-color":"#9aa0a6"},"geometry":{"type":"Polygon","coordinates":[[[-70.000000,0.000000],[-60.000000,0.000000],[-60.000000,9.450000],[-70.000000,9.450000],[-70.000000,0.000000]]]}},
    {"type":"Feature","properties":{"name":"N1W8","label":"N1W8","text":"N1W8","region":"N1W8","covered":false,"maps":1,"map_bytes":73272,"profiles":"12","west":-80.000000,"south":0.000000,"east":-70.000000,"north":9.450000,"lon":-75.000000,"lat":4.725000,"stroke":"#9aa0a6","stroke-width":1,"fill":"#9aa0a6","fill-opacity":0.06,"marker-color":"#9aa0a6"},"geometry":{"type":"Polygon","coordinates":[[[-80.000000,0.000000],[-70.000000,0.000000],[-70.000000,9.450000],[-80.000000,9.450000],[-80.000000,0.000000]]]}},
    {"type":"Feature","properties":{"name":"N1W9","label":"N1W9","text":"N1W9","region":"N1W9","covered":false,"maps":1,"map_bytes":38092,"profiles":"12","west":-90.000000,"south":0.000000,"east":-80.000000,"north":9.450000,"lon":-85.000000,"lat":4.725000,"stroke":"#9aa0a6","stroke-width":1,"fill":"#9aa0a6","fill-opacity":0.06,"marker-color":"#9aa0a6"},"geometry":{"type":"Polygon","coordinates":[[[-90.000000,0.000000],[-80.000000,0.000000],[-80.000000,9.450000],[-90.000000,9.450000],[-90.000000,0.000000]]]}},
    {"type":"Feature","properties":{"name":"N2E1","label":"N2E1","text":"N2E1","region":"N2E1","covered":false,"maps":1,"map_bytes":17512,"profiles":"12","west":0.000000,"south":9.450000,"east":10.000000,"north":18.900000,"lon":5.000000,"lat":14.175000,"stroke":"#9aa0a6","stroke-width":1,"fill":"#9aa0a6","fill-opacity":0.06,"marker-color":"#9aa0a6"},"geometry":{"type":"Polygon","coordinates":[[[0.000000,9.450000],[10.000000,9.450000],[10.000000,18.900000],[0.000000,18.900000],[0.000000,9.450000]]]}},
    {"type":"Feature","properties":{"name":"N2E10","label":"N2E10","text":"N2E10","region":"N2E10","covered":false,"maps":1,"map_bytes":83156,"profiles":"12","west":90.000000,"south":9.450000,"east":100.000000,"north":18.900000,"lon":95.000000,"lat":14.175000,"stroke":"#9aa0a6","stroke-width":1,"fill":"#9aa0a6","fill-opacity":0.06,"marker-color":"#9aa0a6"},"geometry":{"type":"Polygon","coordinates":[[[90.000000,9.450000],[100.000000,9.450000],[100.000000,18.900000],[90.000000,18.900000],[90.000000,9.450000]]]}},
    {"type":"Feature","properties":{"name":"N2E11","label":"N2E11","text":"N2E11","region":"N2E11","covered":false,"maps":1,"map_bytes":53144,"profiles":"12","west":100.000000,"south":9.450000,"east":110.000000,"north":18.900000,"lon":105.000000,"lat":14.175000,"stroke":"#9aa0a6","stroke-width":1,"fill":"#9aa0a6","fill-opacity":0.06,"marker-color":"#9aa0a6"},"geometry":{"type":"Polygon","coordinates":[[[100.000000,9.450000],[110.000000,9.450000],[110.000000,18.900000],[100.000000,18.900000],[100.000000,9.450000]]]}},
    {"type":"Feature","properties":{"name":"N2E12","label":"N2E12","text":"N2E12","region":"N2E12","covered":false,"maps":1,"map_bytes":42752,"profiles":"12","west":110.000000,"south":9.450000,"east":120.000000,"north":18.900000,"lon":115.000000,"lat":14.175000,"stroke":"#9aa0a6","stroke-width":1,"fill":"#9aa0a6","fill-opacity":0.06,"marker-color":"#9aa0a6"},"geometry":{"type":"Polygon","coordinates":[[[110.000000,9.450000],[120.000000,9.450000],[120.000000,18.900000],[110.000000,18.900000],[110.000000,9.450000]]]}},
    {"type":"Feature","properties":{"name":"N2E13","label":"N2E13","text":"N2E13","region":"N2E13","covered":false,"maps":1,"map_bytes":114556,"profiles":"12","west":120.000000,"south":9.450000,"east":130.000000,"north":18.900000,"lon":125.000000,"lat":14.175000,"stroke":"#9aa0a6","stroke-width":1,"fill":"#9aa0a6","fill-opacity":0.06,"marker-color":"#9aa0a6"},"geometry":{"type":"Polygon","coordinates":[[[120.000000,9.450000],[130.000000,9.450000],[130.000000,18.900000],[120.000000,18.900000],[120.000000,9.450000]]]}},
    {"type":"Feature","properties":{"name":"N2E14","label":"N2E14","text":"N2E14","region":"N2E14","covered":false,"maps":1,"map_bytes":34980,"profiles":"12","west":130.000000,"south":9.450000,"east":140.000000,"north":18.900000,"lon":135.000000,"lat":14.175000,"stroke":"#9aa0a6","stroke-width":1,"fill":"#9aa0a6","fill-opacity":0.06,"marker-color":"#9aa0a6"},"geometry":{"type":"Polygon","coordinates":[[[130.000000,9.450000],[140.000000,9.450000],[140.000000,18.900000],[130.000000,18.900000],[130.000000,9.450000]]]}},
    {"type":"Feature","properties":{"name":"N2E15","label":"N2E15","text":"N2E15","region":"N2E15","covered":false,"maps":1,"map_bytes":30632,"profiles":"12","west":140.000000,"south":9.450000,"east":150.000000,"north":18.900000,"lon":145.000000,"lat":14.175000,"stroke":"#9aa0a6","stroke-width":1,"fill":"#9aa0a6","fill-opacity":0.06,"marker-color":"#9aa0a6"},"geometry":{"type":"Polygon","coordinates":[[[140.000000,9.450000],[150.000000,9.450000],[150.000000,18.900000],[140.000000,18.900000],[140.000000,9.450000]]]}},
    {"type":"Feature","properties":{"name":"N2E16","label":"N2E16","text":"N2E16","region":"N2E16","covered":false,"maps":1,"map_bytes":26588,"profiles":"12","west":150.000000,"south":9.450000,"east":160.000000,"north":18.900000,"lon":155.000000,"lat":14.175000,"stroke":"#9aa0a6","stroke-width":1,"fill":"#9aa0a6","fill-opacity":0.06,"marker-color":"#9aa0a6"},"geometry":{"type":"Polygon","coordinates":[[[150.000000,9.450000],[160.000000,9.450000],[160.000000,18.900000],[150.000000,18.900000],[150.000000,9.450000]]]}},
    {"type":"Feature","properties":{"name":"N2E17","label":"N2E17","text":"N2E17","region":"N2E17","covered":false,"maps":1,"map_bytes":24872,"profiles":"12","west":160.000000,"south":9.450000,"east":170.000000,"north":18.900000,"lon":165.000000,"lat":14.175000,"stroke":"#9aa0a6","stroke-width":1,"fill":"#9aa0a6","fill-opacity":0.06,"marker-color":"#9aa0a6"},"geometry":{"type":"Polygon","coordinates":[[[160.000000,9.450000],[170.000000,9.450000],[170.000000,18.900000],[160.000000,18.900000],[160.000000,9.450000]]]}},
    {"type":"Feature","properties":{"name":"N2E18","label":"N2E18","text":"N2E18","region":"N2E18","covered":false,"maps":1,"map_bytes":21688,"profiles":"12","west":170.000000,"south":9.450000,"east":180.000000,"north":18.900000,"lon":175.000000,"lat":14.175000,"stroke":"#9aa0a6","stroke-width":1,"fill":"#9aa0a6","fill-opacity":0.06,"marker-color":"#9aa0a6"},"geometry":{"type":"Polygon","coordinates":[[[170.000000,9.450000],[180.000000,9.450000],[180.000000,18.900000],[170.000000,18.900000],[170.000000,9.450000]]]}},
    {"type":"Feature","properties":{"name":"N2E2","label":"N2E2","text":"N2E2","region":"N2E2","covered":false,"maps":1,"map_bytes":13108,"profiles":"12","west":10.000000,"south":9.450000,"east":20.000000,"north":18.900000,"lon":15.000000,"lat":14.175000,"stroke":"#9aa0a6","stroke-width":1,"fill":"#9aa0a6","fill-opacity":0.06,"marker-color":"#9aa0a6"},"geometry":{"type":"Polygon","coordinates":[[[10.000000,9.450000],[20.000000,9.450000],[20.000000,18.900000],[10.000000,18.900000],[10.000000,9.450000]]]}},
    {"type":"Feature","properties":{"name":"N2E3","label":"N2E3","text":"N2E3","region":"N2E3","covered":false,"maps":1,"map_bytes":4996,"profiles":"12","west":20.000000,"south":9.450000,"east":30.000000,"north":18.900000,"lon":25.000000,"lat":14.175000,"stroke":"#9aa0a6","stroke-width":1,"fill":"#9aa0a6","fill-opacity":0.06,"marker-color":"#9aa0a6"},"geometry":{"type":"Polygon","coordinates":[[[20.000000,9.450000],[30.000000,9.450000],[30.000000,18.900000],[20.000000,18.900000],[20.000000,9.450000]]]}},
    {"type":"Feature","properties":{"name":"N2E4","label":"N2E4","text":"N2E4","region":"N2E4","covered":false,"maps":1,"map_bytes":11680,"profiles":"12","west":30.000000,"south":9.450000,"east":40.000000,"north":18.900000,"lon":35.000000,"lat":14.175000,"stroke":"#9aa0a6","stroke-width":1,"fill":"#9aa0a6","fill-opacity":0.06,"marker-color":"#9aa0a6"},"geometry":{"type":"Polygon","coordinates":[[[30.000000,9.450000],[40.000000,9.450000],[40.000000,18.900000],[30.000000,18.900000],[30.000000,9.450000]]]}},
    {"type":"Feature","properties":{"name":"N2E5","label":"N2E5","text":"N2E5","region":"N2E5","covered":false,"maps":1,"map_bytes":34260,"profiles":"12","west":40.000000,"south":9.450000,"east":50.000000,"north":18.900000,"lon":45.000000,"lat":14.175000,"stroke":"#9aa0a6","stroke-width":1,"fill":"#9aa0a6","fill-opacity":0.06,"marker-color":"#9aa0a6"},"geometry":{"type":"Polygon","coordinates":[[[40.000000,9.450000],[50.000000,9.450000],[50.000000,18.900000],[40.000000,18.900000],[40.000000,9.450000]]]}},
    {"type":"Feature","properties":{"name":"N2E6","label":"N2E6","text":"N2E6","region":"N2E6","covered":false,"maps":1,"map_bytes":21588,"profiles":"12","west":50.000000,"south":9.450000,"east":60.000000,"north":18.900000,"lon":55.000000,"lat":14.175000,"stroke":"#9aa0a6","stroke-width":1,"fill":"#9aa0a6","fill-opacity":0.06,"marker-color":"#9aa0a6"},"geometry":{"type":"Polygon","coordinates":[[[50.000000,9.450000],[60.000000,9.450000],[60.000000,18.900000],[50.000000,18.900000],[50.000000,9.450000]]]}},
    {"type":"Feature","properties":{"name":"N2E7","label":"N2E7","text":"N2E7","region":"N2E7","covered":false,"maps":1,"map_bytes":23636,"profiles":"12","west":60.000000,"south":9.450000,"east":70.000000,"north":18.900000,"lon":65.000000,"lat":14.175000,"stroke":"#9aa0a6","stroke-width":1,"fill":"#9aa0a6","fill-opacity":0.06,"marker-color":"#9aa0a6"},"geometry":{"type":"Polygon","coordinates":[[[60.000000,9.450000],[70.000000,9.450000],[70.000000,18.900000],[60.000000,18.900000],[60.000000,9.450000]]]}},
    {"type":"Feature","properties":{"name":"N2E8","label":"N2E8","text":"N2E8","region":"N2E8","covered":false,"maps":1,"map_bytes":35396,"profiles":"12","west":70.000000,"south":9.450000,"east":80.000000,"north":18.900000,"lon":75.000000,"lat":14.175000,"stroke":"#9aa0a6","stroke-width":1,"fill":"#9aa0a6","fill-opacity":0.06,"marker-color":"#9aa0a6"},"geometry":{"type":"Polygon","coordinates":[[[70.000000,9.450000],[80.000000,9.450000],[80.000000,18.900000],[70.000000,18.900000],[70.000000,9.450000]]]}},
    {"type":"Feature","properties":{"name":"N2E9","label":"N2E9","text":"N2E9","region":"N2E9","covered":false,"maps":1,"map_bytes":22456,"profiles":"12","west":80.000000,"south":9.450000,"east":90.000000,"north":18.900000,"lon":85.000000,"lat":14.175000,"stroke":"#9aa0a6","stroke-width":1,"fill":"#9aa0a6","fill-opacity":0.06,"marker-color":"#9aa0a6"},"geometry":{"type":"Polygon","coordinates":[[[80.000000,9.450000],[90.000000,9.450000],[90.000000,18.900000],[80.000000,18.900000],[80.000000,9.450000]]]}},
    {"type":"Feature","properties":{"name":"N2W1","label":"N2W1","text":"N2W1","region":"N2W1","covered":false,"maps":1,"map_bytes":9656,"profiles":"12","west":-10.000000,"south":9.450000,"east":0.000000,"north":18.900000,"lon":-5.000000,"lat":14.175000,"stroke":"#9aa0a6","stroke-width":1,"fill":"#9aa0a6","fill-opacity":0.06,"marker-color":"#9aa0a6"},"geometry":{"type":"Polygon","coordinates":[[[-10.000000,9.450000],[0.000000,9.450000],[0.000000,18.900000],[-10.000000,18.900000],[-10.000000,9.450000]]]}},
    {"type":"Feature","properties":{"name":"N2W10","label":"N2W10","text":"N2W10","region":"N2W10","covered":false,"maps":1,"map_bytes":47436,"profiles":"12","west":-100.000000,"south":9.450000,"east":-90.000000,"north":18.900000,"lon":-95.000000,"lat":14.175000,"stroke":"#9aa0a6","stroke-width":1,"fill":"#9aa0a6","fill-opacity":0.06,"marker-color":"#9aa0a6"},"geometry":{"type":"Polygon","coordinates":[[[-100.000000,9.450000],[-90.000000,9.450000],[-90.000000,18.900000],[-100.000000,18.900000],[-100.000000,9.450000]]]}},
    {"type":"Feature","properties":{"name":"N2W11","label":"N2W11","text":"N2W11","region":"N2W11","covered":false,"maps":1,"map_bytes":29572,"profiles":"12","west":-110.000000,"south":9.450000,"east":-100.000000,"north":18.900000,"lon":-105.000000,"lat":14.175000,"stroke":"#9aa0a6","stroke-width":1,"fill":"#9aa0a6","fill-opacity":0.06,"marker-color":"#9aa0a6"},"geometry":{"type":"Polygon","coordinates":[[[-110.000000,9.450000],[-100.000000,9.450000],[-100.000000,18.900000],[-110.000000,18.900000],[-110.000000,9.450000]]]}},
    {"type":"Feature","properties":{"name":"N2W12","label":"N2W12","text":"N2W12","region":"N2W12","covered":false,"maps":1,"map_bytes":20020,"profiles":"12","west":-120.000000,"south":9.450000,"east":-110.000000,"north":18.900000,"lon":-115.000000,"lat":14.175000,"stroke":"#9aa0a6","stroke-width":1,"fill":"#9aa0a6","fill-opacity":0.06,"marker-color":"#9aa0a6"},"geometry":{"type":"Polygon","coordinates":[[[-120.000000,9.450000],[-110.000000,9.450000],[-110.000000,18.900000],[-120.000000,18.900000],[-120.000000,9.450000]]]}},
    {"type":"Feature","properties":{"name":"N2W13","label":"N2W13","text":"N2W13","region":"N2W13","covered":false,"maps":1,"map_bytes":17724,"profiles":"12","west":-130.000000,"south":9.450000,"east":-120.000000,"north":18.900000,"lon":-125.000000,"lat":14.175000,"stroke":"#9aa0a6","stroke-width":1,"fill":"#9aa0a6","fill-opacity":0.06,"marker-color":"#9aa0a6"},"geometry":{"type":"Polygon","coordinates":[[[-130.000000,9.450000],[-120.000000,9.450000],[-120.000000,18.900000],[-130.000000,18.900000],[-130.000000,9.450000]]]}},
    {"type":"Feature","properties":{"name":"N2W14","label":"N2W14","text":"N2W14","region":"N2W14","covered":false,"maps":1,"map_bytes":15392,"profiles":"12","west":-140.000000,"south":9.450000,"east":-130.000000,"north":18.900000,"lon":-135.000000,"lat":14.175000,"stroke":"#9aa0a6","stroke-width":1,"fill":"#9aa0a6","fill-opacity":0.06,"marker-color":"#9aa0a6"},"geometry":{"type":"Polygon","coordinates":[[[-140.000000,9.450000],[-130.000000,9.450000],[-130.000000,18.900000],[-140.000000,18.900000],[-140.000000,9.450000]]]}},
    {"type":"Feature","properties":{"name":"N2W15","label":"N2W15","text":"N2W15","region":"N2W15","covered":false,"maps":1,"map_bytes":18044,"profiles":"12","west":-150.000000,"south":9.450000,"east":-140.000000,"north":18.900000,"lon":-145.000000,"lat":14.175000,"stroke":"#9aa0a6","stroke-width":1,"fill":"#9aa0a6","fill-opacity":0.06,"marker-color":"#9aa0a6"},"geometry":{"type":"Polygon","coordinates":[[[-150.000000,9.450000],[-140.000000,9.450000],[-140.000000,18.900000],[-150.000000,18.900000],[-150.000000,9.450000]]]}},
    {"type":"Feature","properties":{"name":"N2W16","label":"N2W16","text":"N2W16","region":"N2W16","covered":false,"maps":1,"map_bytes":15004,"profiles":"12","west":-160.000000,"south":9.450000,"east":-150.000000,"north":18.900000,"lon":-155.000000,"lat":14.175000,"stroke":"#9aa0a6","stroke-width":1,"fill":"#9aa0a6","fill-opacity":0.06,"marker-color":"#9aa0a6"},"geometry":{"type":"Polygon","coordinates":[[[-160.000000,9.450000],[-150.000000,9.450000],[-150.000000,18.900000],[-160.000000,18.900000],[-160.000000,9.450000]]]}},
    {"type":"Feature","properties":{"name":"N2W17","label":"N2W17","text":"N2W17","region":"N2W17","covered":false,"maps":1,"map_bytes":23068,"profiles":"12","west":-170.000000,"south":9.450000,"east":-160.000000,"north":18.900000,"lon":-165.000000,"lat":14.175000,"stroke":"#9aa0a6","stroke-width":1,"fill":"#9aa0a6","fill-opacity":0.06,"marker-color":"#9aa0a6"},"geometry":{"type":"Polygon","coordinates":[[[-170.000000,9.450000],[-160.000000,9.450000],[-160.000000,18.900000],[-170.000000,18.900000],[-170.000000,9.450000]]]}},
    {"type":"Feature","properties":{"name":"N2W18","label":"N2W18","text":"N2W18","region":"N2W18","covered":false,"maps":1,"map_bytes":26192,"profiles":"12","west":-180.000000,"south":9.450000,"east":-170.000000,"north":18.900000,"lon":-175.000000,"lat":14.175000,"stroke":"#9aa0a6","stroke-width":1,"fill":"#9aa0a6","fill-opacity":0.06,"marker-color":"#9aa0a6"},"geometry":{"type":"Polygon","coordinates":[[[-180.000000,9.450000],[-170.000000,9.450000],[-170.000000,18.900000],[-180.000000,18.900000],[-180.000000,9.450000]]]}},
    {"type":"Feature","properties":{"name":"N2W2","label":"N2W2","text":"N2W2","region":"N2W2","covered":false,"maps":1,"map_bytes":48320,"profiles":"12","west":-20.000000,"south":9.450000,"east":-10.000000,"north":18.900000,"lon":-15.000000,"lat":14.175000,"stroke":"#9aa0a6","stroke-width":1,"fill":"#9aa0a6","fill-opacity":0.06,"marker-color":"#9aa0a6"},"geometry":{"type":"Polygon","coordinates":[[[-20.000000,9.450000],[-10.000000,9.450000],[-10.000000,18.900000],[-20.000000,18.900000],[-20.000000,9.450000]]]}},
    {"type":"Feature","properties":{"name":"N2W3","label":"N2W3","text":"N2W3","region":"N2W3","covered":false,"maps":1,"map_bytes":36112,"profiles":"12","west":-30.000000,"south":9.450000,"east":-20.000000,"north":18.900000,"lon":-25.000000,"lat":14.175000,"stroke":"#9aa0a6","stroke-width":1,"fill":"#9aa0a6","fill-opacity":0.06,"marker-color":"#9aa0a6"},"geometry":{"type":"Polygon","coordinates":[[[-30.000000,9.450000],[-20.000000,9.450000],[-20.000000,18.900000],[-30.000000,18.900000],[-30.000000,9.450000]]]}},
    {"type":"Feature","properties":{"name":"N2W4","label":"N2W4","text":"N2W4","region":"N2W4","covered":false,"maps":1,"map_bytes":29884,"profiles":"12","west":-40.000000,"south":9.450000,"east":-30.000000,"north":18.900000,"lon":-35.000000,"lat":14.175000,"stroke":"#9aa0a6","stroke-width":1,"fill":"#9aa0a6","fill-opacity":0.06,"marker-color":"#9aa0a6"},"geometry":{"type":"Polygon","coordinates":[[[-40.000000,9.450000],[-30.000000,9.450000],[-30.000000,18.900000],[-40.000000,18.900000],[-40.000000,9.450000]]]}},
    {"type":"Feature","properties":{"name":"N2W5","label":"N2W5","text":"N2W5","region":"N2W5","covered":false,"maps":1,"map_bytes":32388,"profiles":"12","west":-50.000000,"south":9.450000,"east":-40.000000,"north":18.900000,"lon":-45.000000,"lat":14.175000,"stroke":"#9aa0a6","stroke-width":1,"fill":"#9aa0a6","fill-opacity":0.06,"marker-color":"#9aa0a6"},"geometry":{"type":"Polygon","coordinates":[[[-50.000000,9.450000],[-40.000000,9.450000],[-40.000000,18.900000],[-50.000000,18.900000],[-50.000000,9.450000]]]}},
    {"type":"Feature","properties":{"name":"N2W6","label":"N2W6","text":"N2W6","region":"N2W6","covered":false,"maps":1,"map_bytes":28244,"profiles":"12","west":-60.000000,"south":9.450000,"east":-50.000000,"north":18.900000,"lon":-55.000000,"lat":14.175000,"stroke":"#9aa0a6","stroke-width":1,"fill":"#9aa0a6","fill-opacity":0.06,"marker-color":"#9aa0a6"},"geometry":{"type":"Polygon","coordinates":[[[-60.000000,9.450000],[-50.000000,9.450000],[-50.000000,18.900000],[-60.000000,18.900000],[-60.000000,9.450000]]]}},
    {"type":"Feature","properties":{"name":"N2W7","label":"N2W7","text":"N2W7","region":"N2W7","covered":false,"maps":1,"map_bytes":68268,"profiles":"12","west":-70.000000,"south":9.450000,"east":-60.000000,"north":18.900000,"lon":-65.000000,"lat":14.175000,"stroke":"#9aa0a6","stroke-width":1,"fill":"#9aa0a6","fill-opacity":0.06,"marker-color":"#9aa0a6"},"geometry":{"type":"Polygon","coordinates":[[[-70.000000,9.450000],[-60.000000,9.450000],[-60.000000,18.900000],[-70.000000,18.900000],[-70.000000,9.450000]]]}},
    {"type":"Feature","properties":{"name":"N2W8","label":"N2W8","text":"N2W8","region":"N2W8","covered":false,"maps":1,"map_bytes":51376,"profiles":"12","west":-80.000000,"south":9.450000,"east":-70.000000,"north":18.900000,"lon":-75.000000,"lat":14.175000,"stroke":"#9aa0a6","stroke-width":1,"fill":"#9aa0a6","fill-opacity":0.06,"marker-color":"#9aa0a6"},"geometry":{"type":"Polygon","coordinates":[[[-80.000000,9.450000],[-70.000000,9.450000],[-70.000000,18.900000],[-80.000000,18.900000],[-80.000000,9.450000]]]}},
    {"type":"Feature","properties":{"name":"N2W9","label":"N2W9","text":"N2W9","region":"N2W9","covered":false,"maps":1,"map_bytes":82604,"profiles":"12","west":-90.000000,"south":9.450000,"east":-80.000000,"north":18.900000,"lon":-85.000000,"lat":14.175000,"stroke":"#9aa0a6","stroke-width":1,"fill":"#9aa0a6","fill-opacity":0.06,"marker-color":"#9aa0a6"},"geometry":{"type":"Polygon","coordinates":[[[-90.000000,9.450000],[-80.000000,9.450000],[-80.000000,18.900000],[-90.000000,18.900000],[-90.000000,9.450000]]]}},
    {"type":"Feature","properties":{"name":"N3E1","label":"N3E1","text":"N3E1","region":"N3E1","covered":false,"maps":1,"map_bytes":3464,"profiles":"12","west":0.000000,"south":18.900000,"east":11.250000,"north":28.350000,"lon":5.625000,"lat":23.625000,"stroke":"#9aa0a6","stroke-width":1,"fill":"#9aa0a6","fill-opacity":0.06,"marker-color":"#9aa0a6"},"geometry":{"type":"Polygon","coordinates":[[[0.000000,18.900000],[11.250000,18.900000],[11.250000,28.350000],[0.000000,28.350000],[0.000000,18.900000]]]}},
    {"type":"Feature","properties":{"name":"N3E10","label":"N3E10","text":"N3E10","region":"N3E10","covered":false,"maps":1,"map_bytes":40268,"profiles":"12","west":101.250000,"south":18.900000,"east":112.500000,"north":28.350000,"lon":106.875000,"lat":23.625000,"stroke":"#9aa0a6","stroke-width":1,"fill":"#9aa0a6","fill-opacity":0.06,"marker-color":"#9aa0a6"},"geometry":{"type":"Polygon","coordinates":[[[101.250000,18.900000],[112.500000,18.900000],[112.500000,28.350000],[101.250000,28.350000],[101.250000,18.900000]]]}},
    {"type":"Feature","properties":{"name":"N3E11","label":"N3E11","text":"N3E11","region":"N3E11","covered":false,"maps":1,"map_bytes":81788,"profiles":"12","west":112.500000,"south":18.900000,"east":123.750000,"north":28.350000,"lon":118.125000,"lat":23.625000,"stroke":"#9aa0a6","stroke-width":1,"fill":"#9aa0a6","fill-opacity":0.06,"marker-color":"#9aa0a6"},"geometry":{"type":"Polygon","coordinates":[[[112.500000,18.900000],[123.750000,18.900000],[123.750000,28.350000],[112.500000,28.350000],[112.500000,18.900000]]]}},
    {"type":"Feature","properties":{"name":"N3E12","label":"N3E12","text":"N3E12","region":"N3E12","covered":false,"maps":1,"map_bytes":53020,"profiles":"12","west":123.750000,"south":18.900000,"east":135.000000,"north":28.350000,"lon":129.375000,"lat":23.625000,"stroke":"#9aa0a6","stroke-width":1,"fill":"#9aa0a6","fill-opacity":0.06,"marker-color":"#9aa0a6"},"geometry":{"type":"Polygon","coordinates":[[[123.750000,18.900000],[135.000000,18.900000],[135.000000,28.350000],[123.750000,28.350000],[123.750000,18.900000]]]}},
    {"type":"Feature","properties":{"name":"N3E13","label":"N3E13","text":"N3E13","region":"N3E13","covered":false,"maps":1,"map_bytes":35004,"profiles":"12","west":135.000000,"south":18.900000,"east":146.250000,"north":28.350000,"lon":140.625000,"lat":23.625000,"stroke":"#9aa0a6","stroke-width":1,"fill":"#9aa0a6","fill-opacity":0.06,"marker-color":"#9aa0a6"},"geometry":{"type":"Polygon","coordinates":[[[135.000000,18.900000],[146.250000,18.900000],[146.250000,28.350000],[135.000000,28.350000],[135.000000,18.900000]]]}},
    {"type":"Feature","properties":{"name":"N3E14","label":"N3E14","text":"N3E14","region":"N3E14","covered":false,"maps":1,"map_bytes":26404,"profiles":"12","west":146.250000,"south":18.900000,"east":157.500000,"north":28.350000,"lon":151.875000,"lat":23.625000,"stroke":"#9aa0a6","stroke-width":1,"fill":"#9aa0a6","fill-opacity":0.06,"marker-color":"#9aa0a6"},"geometry":{"type":"Polygon","coordinates":[[[146.250000,18.900000],[157.500000,18.900000],[157.500000,28.350000],[146.250000,28.350000],[146.250000,18.900000]]]}},
    {"type":"Feature","properties":{"name":"N3E15","label":"N3E15","text":"N3E15","region":"N3E15","covered":false,"maps":1,"map_bytes":26404,"profiles":"12","west":157.500000,"south":18.900000,"east":168.750000,"north":28.350000,"lon":163.125000,"lat":23.625000,"stroke":"#9aa0a6","stroke-width":1,"fill":"#9aa0a6","fill-opacity":0.06,"marker-color":"#9aa0a6"},"geometry":{"type":"Polygon","coordinates":[[[157.500000,18.900000],[168.750000,18.900000],[168.750000,28.350000],[157.500000,28.350000],[157.500000,18.900000]]]}},
    {"type":"Feature","properties":{"name":"N3E16","label":"N3E16","text":"N3E16","region":"N3E16","covered":false,"maps":1,"map_bytes":30084,"profiles":"12","west":168.750000,"south":18.900000,"east":180.000000,"north":28.350000,"lon":174.375000,"lat":23.625000,"stroke":"#9aa0a6","stroke-width":1,"fill":"#9aa0a6","fill-opacity":0.06,"marker-color":"#9aa0a6"},"geometry":{"type":"Polygon","coordinates":[[[168.750000,18.900000],[180.000000,18.900000],[180.000000,28.350000],[168.750000,28.350000],[168.750000,18.900000]]]}},
    {"type":"Feature","properties":{"name":"N3E2","label":"N3E2","text":"N3E2","region":"N3E2","covered":false,"maps":1,"map_bytes":2924,"profiles":"12","west":11.250000,"south":18.900000,"east":22.500000,"north":28.350000,"lon":16.875000,"lat":23.625000,"stroke":"#9aa0a6","stroke-width":1,"fill":"#9aa0a6","fill-opacity":0.06,"marker-color":"#9aa0a6"},"geometry":{"type":"Polygon","coordinates":[[[11.250000,18.900000],[22.500000,18.900000],[22.500000,28.350000],[11.250000,28.350000],[11.250000,18.900000]]]}},
    {"type":"Feature","properties":{"name":"N3E3","label":"N3E3","text":"N3E3","region":"N3E3","covered":false,"maps":1,"map_bytes":97420,"profiles":"12","west":22.500000,"south":18.900000,"east":33.750000,"north":28.350000,"lon":28.125000,"lat":23.625000,"stroke":"#9aa0a6","stroke-width":1,"fill":"#9aa0a6","fill-opacity":0.06,"marker-color":"#9aa0a6"},"geometry":{"type":"Polygon","coordinates":[[[22.500000,18.900000],[33.750000,18.900000],[33.750000,28.350000],[22.500000,28.350000],[22.500000,18.900000]]]}},
    {"type":"Feature","properties":{"name":"N3E4","label":"N3E4","text":"N3E4","region":"N3E4","covered":false,"maps":1,"map_bytes":24704,"profiles":"12","west":33.750000,"south":18.900000,"east":45.000000,"north":28.350000,"lon":39.375000,"lat":23.625000,"stroke":"#9aa0a6","stroke-width":1,"fill":"#9aa0a6","fill-opacity":0.06,"marker-color":"#9aa0a6"},"geometry":{"type":"Polygon","coordinates":[[[33.750000,18.900000],[45.000000,18.900000],[45.000000,28.350000],[33.750000,28.350000],[33.750000,18.900000]]]}},
    {"type":"Feature","properties":{"name":"N3E5","label":"N3E5","text":"N3E5","region":"N3E5","covered":false,"maps":1,"map_bytes":37456,"profiles":"12","west":45.000000,"south":18.900000,"east":56.250000,"north":28.350000,"lon":50.625000,"lat":23.625000,"stroke":"#9aa0a6","stroke-width":1,"fill":"#9aa0a6","fill-opacity":0.06,"marker-color":"#9aa0a6"},"geometry":{"type":"Polygon","coordinates":[[[45.000000,18.900000],[56.250000,18.900000],[56.250000,28.350000],[45.000000,28.350000],[45.000000,18.900000]]]}},
    {"type":"Feature","properties":{"name":"N3E6","label":"N3E6","text":"N3E6","region":"N3E6","covered":false,"maps":1,"map_bytes":37040,"profiles":"12","west":56.250000,"south":18.900000,"east":67.500000,"north":28.350000,"lon":61.875000,"lat":23.625000,"stroke":"#9aa0a6","stroke-width":1,"fill":"#9aa0a6","fill-opacity":0.06,"marker-color":"#9aa0a6"},"geometry":{"type":"Polygon","coordinates":[[[56.250000,18.900000],[67.500000,18.900000],[67.500000,28.350000],[56.250000,28.350000],[56.250000,18.900000]]]}},
    {"type":"Feature","properties":{"name":"N3E7","label":"N3E7","text":"N3E7","region":"N3E7","covered":false,"maps":1,"map_bytes":37924,"profiles":"12","west":67.500000,"south":18.900000,"east":78.750000,"north":28.350000,"lon":73.125000,"lat":23.625000,"stroke":"#9aa0a6","stroke-width":1,"fill":"#9aa0a6","fill-opacity":0.06,"marker-color":"#9aa0a6"},"geometry":{"type":"Polygon","coordinates":[[[67.500000,18.900000],[78.750000,18.900000],[78.750000,28.350000],[67.500000,28.350000],[67.500000,18.900000]]]}},
    {"type":"Feature","properties":{"name":"N3E8","label":"N3E8","text":"N3E8","region":"N3E8","covered":false,"maps":1,"map_bytes":32108,"profiles":"12","west":78.750000,"south":18.900000,"east":90.000000,"north":28.350000,"lon":84.375000,"lat":23.625000,"stroke":"#9aa0a6","stroke-width":1,"fill":"#9aa0a6","fill-opacity":0.06,"marker-color":"#9aa0a6"},"geometry":{"type":"Polygon","coordinates":[[[78.750000,18.900000],[90.000000,18.900000],[90.000000,28.350000],[78.750000,28.350000],[78.750000,18.900000]]]}},
    {"type":"Feature","properties":{"name":"N3E9","label":"N3E9","text":"N3E9","region":"N3E9","covered":false,"maps":1,"map_bytes":46432,"profiles":"12","west":90.000000,"south":18.900000,"east":101.250000,"north":28.350000,"lon":95.625000,"lat":23.625000,"stroke":"#9aa0a6","stroke-width":1,"fill":"#9aa0a6","fill-opacity":0.06,"marker-color":"#9aa0a6"},"geometry":{"type":"Polygon","coordinates":[[[90.000000,18.900000],[101.250000,18.900000],[101.250000,28.350000],[90.000000,28.350000],[90.000000,18.900000]]]}},
    {"type":"Feature","properties":{"name":"N3W1","label":"N3W1","text":"N3W1","region":"N3W1","covered":false,"maps":1,"map_bytes":2824,"profiles":"12","west":-11.250000,"south":18.900000,"east":0.000000,"north":28.350000,"lon":-5.625000,"lat":23.625000,"stroke":"#9aa0a6","stroke-width":1,"fill":"#9aa0a6","fill-opacity":0.06,"marker-color":"#9aa0a6"},"geometry":{"type":"Polygon","coordinates":[[[-11.250000,18.900000],[0.000000,18.900000],[0.000000,28.350000],[-11.250000,28.350000],[-11.250000,18.900000]]]}},
    {"type":"Feature","properties":{"name":"N3W10","label":"N3W10","text":"N3W10","region":"N3W10","covered":false,"maps":1,"map_bytes":56108,"profiles":"12","west":-112.500000,"south":18.900000,"east":-101.250000,"north":28.350000,"lon":-106.875000,"lat":23.625000,"stroke":"#9aa0a6","stroke-width":1,"fill":"#9aa0a6","fill-opacity":0.06,"marker-color":"#9aa0a6"},"geometry":{"type":"Polygon","coordinates":[[[-112.500000,18.900000],[-101.250000,18.900000],[-101.250000,28.350000],[-112.500000,28.350000],[-112.500000,18.900000]]]}},
    {"type":"Feature","properties":{"name":"N3W11","label":"N3W11","text":"N3W11","region":"N3W11","covered":false,"maps":1,"map_bytes":22528,"profiles":"12","west":-123.750000,"south":18.900000,"east":-112.500000,"north":28.350000,"lon":-118.125000,"lat":23.625000,"stroke":"#9aa0a6","stroke-width":1,"fill":"#9aa0a6","fill-opacity":0.06,"marker-color":"#9aa0a6"},"geometry":{"type":"Polygon","coordinates":[[[-123.750000,18.900000],[-112.500000,18.900000],[-112.500000,28.350000],[-123.750000,28.350000],[-123.750000,18.900000]]]}},
    {"type":"Feature","properties":{"name":"N3W12","label":"N3W12","text":"N3W12","region":"N3W12","covered":false,"maps":1,"map_bytes":17980,"profiles":"12","west":-135.000000,"south":18.900000,"east":-123.750000,"north":28.350000,"lon":-129.375000,"lat":23.625000,"stroke":"#9aa0a6","stroke-width":1,"fill":"#9aa0a6","fill-opacity":0.06,"marker-color":"#9aa0a6"},"geometry":{"type":"Polygon","coordinates":[[[-135.000000,18.900000],[-123.750000,18.900000],[-123.750000,28.350000],[-135.000000,28.350000],[-135.000000,18.900000]]]}},
    {"type":"Feature","properties":{"name":"N3W13","label":"N3W13","text":"N3W13","region":"N3W13","covered":false,"maps":1,"map_bytes":19172,"profiles":"12","west":-146.250000,"south":18.900000,"east":-135.000000,"north":28.350000,"lon":-140.625000,"lat":23.625000,"stroke":"#9aa0a6","stroke-width":1,"fill":"#9aa0a6","fill-opacity":0.06,"marker-color":"#9aa0a6"},"geometry":{"type":"Polygon","coordinates":[[[-146.250000,18.900000],[-135.000000,18.900000],[-135.000000,28.350000],[-146.250000,28.350000],[-146.250000,18.900000]]]}},
    {"type":"Feature","properties":{"name":"N3W14","label":"N3W14","text":"N3W14","region":"N3W14","covered":false,"maps":1,"map_bytes":21160,"profiles":"12","west":-157.500000,"south":18.900000,"east":-146.250000,"north":28.350000,"lon":-151.875000,"lat":23.625000,"stroke":"#9aa0a6","stroke-width":1,"fill":"#9aa0a6","fill-opacity":0.06,"marker-color":"#9aa0a6"},"geometry":{"type":"Polygon","coordinates":[[[-157.500000,18.900000],[-146.250000,18.900000],[-146.250000,28.350000],[-157.500000,28.350000],[-157.500000,18.900000]]]}},
    {"type":"Feature","properties":{"name":"N3W15","label":"N3W15","text":"N3W15","region":"N3W15","covered":false,"maps":1,"map_bytes":20312,"profiles":"12","west":-168.750000,"south":18.900000,"east":-157.500000,"north":28.350000,"lon":-163.125000,"lat":23.625000,"stroke":"#9aa0a6","stroke-width":1,"fill":"#9aa0a6","fill-opacity":0.06,"marker-color":"#9aa0a6"},"geometry":{"type":"Polygon","coordinates":[[[-168.750000,18.900000],[-157.500000,18.900000],[-157.500000,28.350000],[-168.750000,28.350000],[-168.750000,18.900000]]]}},
    {"type":"Feature","properties":{"name":"N3W16","label":"N3W16","text":"N3W16","region":"N3W16","covered":false,"maps":1,"map_bytes":20660,"profiles":"12","west":-180.000000,"south":18.900000,"east":-168.750000,"north":28.350000,"lon":-174.375000,"lat":23.625000,"stroke":"#9aa0a6","stroke-width":1,"fill":"#9aa0a6","fill-opacity":0.06,"marker-color":"#9aa0a6"},"geometry":{"type":"Polygon","coordinates":[[[-180.000000,18.900000],[-168.750000,18.900000],[-168.750000,28.350000],[-180.000000,28.350000],[-180.000000,18.900000]]]}},
    {"type":"Feature","properties":{"name":"N3W2","label":"N3W2","text":"N3W2","region":"N3W2","covered":true,"maps":2,"map_bytes":2399132,"profiles":"09 12","west":-22.500000,"south":18.900000,"east":-11.250000,"north":28.350000,"lon":-16.875000,"lat":23.625000,"stroke":"#e8663c","stroke-width":1,"fill":"#e8663c","fill-opacity":0.28,"marker-color":"#e8663c"},"geometry":{"type":"Polygon","coordinates":[[[-22.500000,18.900000],[-11.250000,18.900000],[-11.250000,28.350000],[-22.500000,28.350000],[-22.500000,18.900000]]]}},
    {"type":"Feature","properties":{"name":"N3W3","label":"N3W3","text":"N3W3","region":"N3W3","covered":false,"maps":1,"map_bytes":35356,"profiles":"12","west":-33.750000,"south":18.900000,"east":-22.500000,"north":28.350000,"lon":-28.125000,"lat":23.625000,"stroke":"#9aa0a6","stroke-width":1,"fill":"#9aa0a6","fill-opacity":0.06,"marker-color":"#9aa0a6"},"geometry":{"type":"Polygon","coordinates":[[[-33.750000,18.900000],[-22.500000,18.900000],[-22.500000,28.350000],[-33.750000,28.350000],[-33.750000,18.900000]]]}},
    {"type":"Feature","properties":{"name":"N3W4","label":"N3W4","text":"N3W4","region":"N3W4","covered":false,"maps":1,"map_bytes":20188,"profiles":"12","west":-45.000000,"south":18.900000,"east":-33.750000,"north":28.350000,"lon":-39.375000,"lat":23.625000,"stroke":"#9aa0a6","stroke-width":1,"fill":"#9aa0a6","fill-opacity":0.06,"marker-color":"#9aa0a6"},"geometry":{"type":"Polygon","coordinates":[[[-45.000000,18.900000],[-33.750000,18.900000],[-33.750000,28.350000],[-45.000000,28.350000],[-45.000000,18.900000]]]}},
    {"type":"Feature","properties":{"name":"N3W5","label":"N3W5","text":"N3W5","region":"N3W5","covered":false,"maps":1,"map_bytes":20180,"profiles":"12","west":-56.250000,"south":18.900000,"east":-45.000000,"north":28.350000,"lon":-50.625000,"lat":23.625000,"stroke":"#9aa0a6","stroke-width":1,"fill":"#9aa0a6","fill-opacity":0.06,"marker-color":"#9aa0a6"},"geometry":{"type":"Polygon","coordinates":[[[-56.250000,18.900000],[-45.000000,18.900000],[-45.000000,28.350000],[-56.250000,28.350000],[-56.250000,18.900000]]]}},
    {"type":"Feature","properties":{"name":"N3W6","label":"N3W6","text":"N3W6","region":"N3W6","covered":false,"maps":1,"map_bytes":23780,"profiles":"12","west":-67.500000,"south":18.900000,"east":-56.250000,"north":28.350000,"lon":-61.875000,"lat":23.625000,"stroke":"#9aa0a6","stroke-width":1,"fill":"#9aa0a6","fill-opacity":0.06,"marker-color":"#9aa0a6"},"geometry":{"type":"Polygon","coordinates":[[[-67.500000,18.900000],[-56.250000,18.900000],[-56.250000,28.350000],[-67.500000,28.350000],[-67.500000,18.900000]]]}},
    {"type":"Feature","properties":{"name":"N3W7","label":"N3W7","text":"N3W7","region":"N3W7","covered":false,"maps":1,"map_bytes":83000,"profiles":"12","west":-78.750000,"south":18.900000,"east":-67.500000,"north":28.350000,"lon":-73.125000,"lat":23.625000,"stroke":"#9aa0a6","stroke-width":1,"fill":"#9aa0a6","fill-opacity":0.06,"marker-color":"#9aa0a6"},"geometry":{"type":"Polygon","coordinates":[[[-78.750000,18.900000],[-67.500000,18.900000],[-67.500000,28.350000],[-78.750000,28.350000],[-78.750000,18.900000]]]}},
    {"type":"Feature","properties":{"name":"N3W8","label":"N3W8","text":"N3W8","region":"N3W8","covered":false,"maps":1,"map_bytes":91044,"profiles":"12","west":-90.000000,"south":18.900000,"east":-78.750000,"north":28.350000,"lon":-84.375000,"lat":23.625000,"stroke":"#9aa0a6","stroke-width":1,"fill":"#9aa0a6","fill-opacity":0.06,"marker-color":"#9aa0a6"},"geometry":{"type":"Polygon","coordinates":[[[-90.000000,18.900000],[-78.750000,18.900000],[-78.750000,28.350000],[-90.000000,28.350000],[-90.000000,18.900000]]]}},
    {"type":"Feature","properties":{"name":"N3W9","label":"N3W9","text":"N3W9","region":"N3W9","covered":false,"maps":1,"map_bytes":62724,"profiles":"12","west":-101.250000,"south":18.900000,"east":-90.000000,"north":28.350000,"lon":-95.625000,"lat":23.625000,"stroke":"#9aa0a6","stroke-width":1,"fill":"#9aa0a6","fill-opacity":0.06,"marker-color":"#9aa0a6"},"geometry":{"type":"Polygon","coordinates":[[[-101.250000,18.900000],[-90.000000,18.900000],[-90.000000,28.350000],[-101.250000,28.350000],[-101.250000,18.900000]]]}},
    {"type":"Feature","properties":{"name":"N4E1","label":"N4E1","text":"N4E1","region":"N4E1","covered":false,"maps":2,"map_bytes":1268380,"profiles":"12","west":0.000000,"south":28.350000,"east":12.000000,"north":37.800000,"lon":6.000000,"lat":33.075000,"stroke":"#9aa0a6","stroke-width":1,"fill":"#9aa0a6","fill-opacity":0.06,"marker-color":"#9aa0a6"},"geometry":{"type":"Polygon","coordinates":[[[0.000000,28.350000],[12.000000,28.350000],[12.000000,37.800000],[0.000000,37.800000],[0.000000,28.350000]]]}},
    {"type":"Feature","properties":{"name":"N4E10","label":"N4E10","text":"N4E10","region":"N4E10","covered":false,"maps":1,"map_bytes":6536,"profiles":"12","west":108.000000,"south":28.350000,"east":120.000000,"north":37.800000,"lon":114.000000,"lat":33.075000,"stroke":"#9aa0a6","stroke-width":1,"fill":"#9aa0a6","fill-opacity":0.06,"marker-color":"#9aa0a6"},"geometry":{"type":"Polygon","coordinates":[[[108.000000,28.350000],[120.000000,28.350000],[120.000000,37.800000],[108.000000,37.800000],[108.000000,28.350000]]]}},
    {"type":"Feature","properties":{"name":"N4E11","label":"N4E11","text":"N4E11","region":"N4E11","covered":false,"maps":1,"map_bytes":135684,"profiles":"12","west":120.000000,"south":28.350000,"east":132.000000,"north":37.800000,"lon":126.000000,"lat":33.075000,"stroke":"#9aa0a6","stroke-width":1,"fill":"#9aa0a6","fill-opacity":0.06,"marker-color":"#9aa0a6"},"geometry":{"type":"Polygon","coordinates":[[[120.000000,28.350000],[132.000000,28.350000],[132.000000,37.800000],[120.000000,37.800000],[120.000000,28.350000]]]}},
    {"type":"Feature","properties":{"name":"N4E12","label":"N4E12","text":"N4E12","region":"N4E12","covered":false,"maps":1,"map_bytes":79748,"profiles":"12","west":132.000000,"south":28.350000,"east":143.999999,"north":37.800000,"lon":137.999999,"lat":33.075000,"stroke":"#9aa0a6","stroke-width":1,"fill":"#9aa0a6","fill-opacity":0.06,"marker-color":"#9aa0a6"},"geometry":{"type":"Polygon","coordinates":[[[132.000000,28.350000],[143.999999,28.350000],[143.999999,37.800000],[132.000000,37.800000],[132.000000,28.350000]]]}},
    {"type":"Feature","properties":{"name":"N4E13","label":"N4E13","text":"N4E13","region":"N4E13","covered":false,"maps":1,"map_bytes":26288,"profiles":"12","west":143.999999,"south":28.350000,"east":155.999999,"north":37.800000,"lon":149.999999,"lat":33.075000,"stroke":"#9aa0a6","stroke-width":1,"fill":"#9aa0a6","fill-opacity":0.06,"marker-color":"#9aa0a6"},"geometry":{"type":"Polygon","coordinates":[[[143.999999,28.350000],[155.999999,28.350000],[155.999999,37.800000],[143.999999,37.800000],[143.999999,28.350000]]]}},
    {"type":"Feature","properties":{"name":"N4E14","label":"N4E14","text":"N4E14","region":"N4E14","covered":false,"maps":1,"map_bytes":26292,"profiles":"12","west":155.999999,"south":28.350000,"east":167.999999,"north":37.800000,"lon":161.999999,"lat":33.075000,"stroke":"#9aa0a6","stroke-width":1,"fill":"#9aa0a6","fill-opacity":0.06,"marker-color":"#9aa0a6"},"geometry":{"type":"Polygon","coordinates":[[[155.999999,28.350000],[167.999999,28.350000],[167.999999,37.800000],[155.999999,37.800000],[155.999999,28.350000]]]}},
    {"type":"Feature","properties":{"name":"N4E15","label":"N4E15","text":"N4E15","region":"N4E15","covered":false,"maps":1,"map_bytes":30860,"profiles":"12","west":167.999999,"south":28.350000,"east":179.999999,"north":37.800000,"lon":173.999999,"lat":33.075000,"stroke":"#9aa0a6","stroke-width":1,"fill":"#9aa0a6","fill-opacity":0.06,"marker-color":"#9aa0a6"},"geometry":{"type":"Polygon","coordinates":[[[167.999999,28.350000],[179.999999,28.350000],[179.999999,37.800000],[167.999999,37.800000],[167.999999,28.350000]]]}},
    {"type":"Feature","properties":{"name":"N4E2","label":"N4E2","text":"N4E2","region":"N4E2","covered":true,"maps":4,"map_bytes":8363600,"profiles":"03 0B 12 83","west":12.000000,"south":28.350000,"east":24.000000,"north":37.800000,"lon":18.000000,"lat":33.075000,"stroke":"#e8663c","stroke-width":1,"fill":"#e8663c","fill-opacity":0.28,"marker-color":"#e8663c"},"geometry":{"type":"Polygon","coordinates":[[[12.000000,28.350000],[24.000000,28.350000],[24.000000,37.800000],[12.000000,37.800000],[12.000000,28.350000]]]}},
    {"type":"Feature","properties":{"name":"N4E3","label":"N4E3","text":"N4E3","region":"N4E3","covered":true,"maps":4,"map_bytes":23373992,"profiles":"03 04 12 83","west":24.000000,"south":28.350000,"east":36.000000,"north":37.800000,"lon":30.000000,"lat":33.075000,"stroke":"#e8663c","stroke-width":1,"fill":"#e8663c","fill-opacity":0.28,"marker-color":"#e8663c"},"geometry":{"type":"Polygon","coordinates":[[[24.000000,28.350000],[36.000000,28.350000],[36.000000,37.800000],[24.000000,37.800000],[24.000000,28.350000]]]}},
    {"type":"Feature","properties":{"name":"N4E4","label":"N4E4","text":"N4E4","region":"N4E4","covered":true,"maps":2,"map_bytes":4879400,"profiles":"04 12","west":36.000000,"south":28.350000,"east":48.000000,"north":37.800000,"lon":42.000000,"lat":33.075000,"stroke":"#e8663c","stroke-width":1,"fill":"#e8663c","fill-opacity":0.28,"marker-color":"#e8663c"},"geometry":{"type":"Polygon","coordinates":[[[36.000000,28.350000],[48.000000,28.350000],[48.000000,37.800000],[36.000000,37.800000],[36.000000,28.350000]]]}},
    {"type":"Feature","properties":{"name":"N4E5","label":"N4E5","text":"N4E5","region":"N4E5","covered":false,"maps":1,"map_bytes":13936,"profiles":"12","west":48.000000,"south":28.350000,"east":60.000000,"north":37.800000,"lon":54.000000,"lat":33.075000,"stroke":"#9aa0a6","stroke-width":1,"fill":"#9aa0a6","fill-opacity":0.06,"marker-color":"#9aa0a6"},"geometry":{"type":"Polygon","coordinates":[[[48.000000,28.350000],[60.000000,28.350000],[60.000000,37.800000],[48.000000,37.800000],[48.000000,28.350000]]]}},
    {"type":"Feature","properties":{"name":"N4E6","label":"N4E6","text":"N4E6","region":"N4E6","covered":false,"maps":1,"map_bytes":8132,"profiles":"12","west":60.000000,"south":28.350000,"east":72.000000,"north":37.800000,"lon":66.000000,"lat":33.075000,"stroke":"#9aa0a6","stroke-width":1,"fill":"#9aa0a6","fill-opacity":0.06,"marker-color":"#9aa0a6"},"geometry":{"type":"Polygon","coordinates":[[[60.000000,28.350000],[72.000000,28.350000],[72.000000,37.800000],[60.000000,37.800000],[60.000000,28.350000]]]}},
    {"type":"Feature","properties":{"name":"N4E7","label":"N4E7","text":"N4E7","region":"N4E7","covered":false,"maps":1,"map_bytes":15972,"profiles":"12","west":72.000000,"south":28.350000,"east":84.000000,"north":37.800000,"lon":78.000000,"lat":33.075000,"stroke":"#9aa0a6","stroke-width":1,"fill":"#9aa0a6","fill-opacity":0.06,"marker-color":"#9aa0a6"},"geometry":{"type":"Polygon","coordinates":[[[72.000000,28.350000],[84.000000,28.350000],[84.000000,37.800000],[72.000000,37.800000],[72.000000,28.350000]]]}},
    {"type":"Feature","properties":{"name":"N4E8","label":"N4E8","text":"N4E8","region":"N4E8","covered":false,"maps":1,"map_bytes":3636,"profiles":"12","west":84.000000,"south":28.350000,"east":96.000000,"north":37.800000,"lon":90.000000,"lat":33.075000,"stroke":"#9aa0a6","stroke-width":1,"fill":"#9aa0a6","fill-opacity":0.06,"marker-color":"#9aa0a6"},"geometry":{"type":"Polygon","coordinates":[[[84.000000,28.350000],[96.000000,28.350000],[96.000000,37.800000],[84.000000,37.800000],[84.000000,28.350000]]]}},
    {"type":"Feature","properties":{"name":"N4E9","label":"N4E9","text":"N4E9","region":"N4E9","covered":false,"maps":1,"map_bytes":2800,"profiles":"12","west":96.000000,"south":28.350000,"east":108.000000,"north":37.800000,"lon":102.000000,"lat":33.075000,"stroke":"#9aa0a6","stroke-width":1,"fill":"#9aa0a6","fill-opacity":0.06,"marker-color":"#9aa0a6"},"geometry":{"type":"Polygon","coordinates":[[[96.000000,28.350000],[108.000000,28.350000],[108.000000,37.800000],[96.000000,37.800000],[96.000000,28.350000]]]}},
    {"type":"Feature","properties":{"name":"N4W1","label":"N4W1","text":"N4W1","region":"N4W1","covered":true,"maps":2,"map_bytes":13495716,"profiles":"09 12","west":-12.000000,"south":28.350000,"east":0.000000,"north":37.800000,"lon":-6.000000,"lat":33.075000,"stroke":"#e8663c","stroke-width":1,"fill":"#e8663c","fill-opacity":0.28,"marker-color":"#e8663c"},"geometry":{"type":"Polygon","coordinates":[[[-12.000000,28.350000],[0.000000,28.350000],[0.000000,37.800000],[-12.000000,37.800000],[-12.000000,28.350000]]]}},
    {"type":"Feature","properties":{"name":"N4W10","label":"N4W10","text":"N4W10","region":"N4W10","covered":false,"maps":1,"map_bytes":73144,"profiles":"12","west":-120.000000,"south":28.350000,"east":-108.000000,"north":37.800000,"lon":-114.000000,"lat":33.075000,"stroke":"#9aa0a6","stroke-width":1,"fill":"#9aa0a6","fill-opacity":0.06,"marker-color":"#9aa0a6"},"geometry":{"type":"Polygon","coordinates":[[[-120.000000,28.350000],[-108.000000,28.350000],[-108.000000,37.800000],[-120.000000,37.800000],[-120.000000,28.350000]]]}},
    {"type":"Feature","properties":{"name":"N4W11","label":"N4W11","text":"N4W11","region":"N4W11","covered":false,"maps":1,"map_bytes":23716,"profiles":"12","west":-132.000000,"south":28.350000,"east":-120.000000,"north":37.800000,"lon":-126.000000,"lat":33.075000,"stroke":"#9aa0a6","stroke-width":1,"fill":"#9aa0a6","fill-opacity":0.06,"marker-color":"#9aa0a6"},"geometry":{"type":"Polygon","coordinates":[[[-132.000000,28.350000],[-120.000000,28.350000],[-120.000000,37.800000],[-132.000000,37.800000],[-132.000000,28.350000]]]}},
    {"type":"Feature","properties":{"name":"N4W12","label":"N4W12","text":"N4W12","region":"N4W12","covered":false,"maps":1,"map_bytes":17316,"profiles":"12","west":-143.999999,"south":28.350000,"east":-132.000000,"north":37.800000,"lon":-137.999999,"lat":33.075000,"stroke":"#9aa0a6","stroke-width":1,"fill":"#9aa0a6","fill-opacity":0.06,"marker-color":"#9aa0a6"},"geometry":{"type":"Polygon","coordinates":[[[-143.999999,28.350000],[-132.000000,28.350000],[-132.000000,37.800000],[-143.999999,37.800000],[-143.999999,28.350000]]]}},
    {"type":"Feature","properties":{"name":"N4W13","label":"N4W13","text":"N4W13","region":"N4W13","covered":false,"maps":1,"map_bytes":18076,"profiles":"12","west":-155.999999,"south":28.350000,"east":-143.999999,"north":37.800000,"lon":-149.999999,"lat":33.075000,"stroke":"#9aa0a6","stroke-width":1,"fill":"#9aa0a6","fill-opacity":0.06,"marker-color":"#9aa0a6"},"geometry":{"type":"Polygon","coordinates":[[[-155.999999,28.350000],[-143.999999,28.350000],[-143.999999,37.800000],[-155.999999,37.800000],[-155.999999,28.350000]]]}},
    {"type":"Feature","properties":{"name":"N4W14","label":"N4W14","text":"N4W14","region":"N4W14","covered":false,"maps":1,"map_bytes":18076,"profiles":"12","west":-167.999999,"south":28.350000,"east":-155.999999,"north":37.800000,"lon":-161.999999,"lat":33.075000,"stroke":"#9aa0a6","stroke-width":1,"fill":"#9aa0a6","fill-opacity":0.06,"marker-color":"#9aa0a6"},"geometry":{"type":"Polygon","coordinates":[[[-167.999999,28.350000],[-155.999999,28.350000],[-155.999999,37.800000],[-167.999999,37.800000],[-167.999999,28.350000]]]}},
    {"type":"Feature","properties":{"name":"N4W15","label":"N4W15","text":"N4W15","region":"N4W15","covered":false,"maps":1,"map_bytes":18004,"profiles":"12","west":-179.999999,"south":28.350000,"east":-167.999999,"north":37.800000,"lon":-173.999999,"lat":33.075000,"stroke":"#9aa0a6","stroke-width":1,"fill":"#9aa0a6","fill-opacity":0.06,"marker-color":"#9aa0a6"},"geometry":{"type":"Polygon","coordinates":[[[-179.999999,28.350000],[-167.999999,28.350000],[-167.999999,37.800000],[-179.999999,37.800000],[-179.999999,28.350000]]]}},
    {"type":"Feature","properties":{"name":"N4W2","label":"N4W2","text":"N4W2","region":"N4W2","covered":true,"maps":2,"map_bytes":3853348,"profiles":"09 12","west":-24.000000,"south":28.350000,"east":-12.000000,"north":37.800000,"lon":-18.000000,"lat":33.075000,"stroke":"#e8663c","stroke-width":1,"fill":"#e8663c","fill-opacity":0.28,"marker-color":"#e8663c"},"geometry":{"type":"Polygon","coordinates":[[[-24.000000,28.350000],[-12.000000,28.350000],[-12.000000,37.800000],[-24.000000,37.800000],[-24.000000,28.350000]]]}},
    {"type":"Feature","properties":{"name":"N4W3","label":"N4W3","text":"N4W3","region":"N4W3","covered":true,"maps":2,"map_bytes":938852,"profiles":"09 12","west":-36.000000,"south":28.350000,"east":-24.000000,"north":37.800000,"lon":-30.000000,"lat":33.075000,"stroke":"#e8663c","stroke-width":1,"fill":"#e8663c","fill-opacity":0.28,"marker-color":"#e8663c"},"geometry":{"type":"Polygon","coordinates":[[[-36.000000,28.350000],[-24.000000,28.350000],[-24.000000,37.800000],[-36.000000,37.800000],[-36.000000,28.350000]]]}},
    {"type":"Feature","properties":{"name":"N4W4","label":"N4W4","text":"N4W4","region":"N4W4","covered":false,"maps":1,"map_bytes":20052,"profiles":"12","west":-48.000000,"south":28.350000,"east":-36.000000,"north":37.800000,"lon":-42.000000,"lat":33.075000,"stroke":"#9aa0a6","stroke-width":1,"fill":"#9aa0a6","fill-opacity":0.06,"marker-color":"#9aa0a6"},"geometry":{"type":"Polygon","coordinates":[[[-48.000000,28.350000],[-36.000000,28.350000],[-36.000000,37.800000],[-48.000000,37.800000],[-48.000000,28.350000]]]}},
    {"type":"Feature","properties":{"name":"N4W5","label":"N4W5","text":"N4W5","region":"N4W5","covered":false,"maps":1,"map_bytes":20052,"profiles":"12","west":-60.000000,"south":28.350000,"east":-48.000000,"north":37.800000,"lon":-54.000000,"lat":33.075000,"stroke":"#9aa0a6","stroke-width":1,"fill":"#9aa0a6","fill-opacity":0.06,"marker-color":"#9aa0a6"},"geometry":{"type":"Polygon","coordinates":[[[-60.000000,28.350000],[-48.000000,28.350000],[-48.000000,37.800000],[-60.000000,37.800000],[-60.000000,28.350000]]]}},
    {"type":"Feature","properties":{"name":"N4W6","label":"N4W6","text":"N4W6","region":"N4W6","covered":false,"maps":1,"map_bytes":20620,"profiles":"12","west":-72.000000,"south":28.350000,"east":-60.000000,"north":37.800000,"lon":-66.000000,"lat":33.075000,"stroke":"#9aa0a6","stroke-width":1,"fill":"#9aa0a6","fill-opacity":0.06,"marker-color":"#9aa0a6"},"geometry":{"type":"Polygon","coordinates":[[[-72.000000,28.350000],[-60.000000,28.350000],[-60.000000,37.800000],[-72.000000,37.800000],[-72.000000,28.350000]]]}},
    {"type":"Feature","properties":{"name":"N4W7","label":"N4W7","text":"N4W7","region":"N4W7","covered":false,"maps":1,"map_bytes":184888,"profiles":"12","west":-84.000000,"south":28.350000,"east":-72.000000,"north":37.800000,"lon":-78.000000,"lat":33.075000,"stroke":"#9aa0a6","stroke-width":1,"fill":"#9aa0a6","fill-opacity":0.06,"marker-color":"#9aa0a6"},"geometry":{"type":"Polygon","coordinates":[[[-84.000000,28.350000],[-72.000000,28.350000],[-72.000000,37.800000],[-84.000000,37.800000],[-84.000000,28.350000]]]}},
    {"type":"Feature","properties":{"name":"N4W8","label":"N4W8","text":"N4W8","region":"N4W8","covered":false,"maps":1,"map_bytes":361868,"profiles":"12","west":-96.000000,"south":28.350000,"east":-84.000000,"north":37.800000,"lon":-90.000000,"lat":33.075000,"stroke":"#9aa0a6","stroke-width":1,"fill":"#9aa0a6","fill-opacity":0.06,"marker-color":"#9aa0a6"},"geometry":{"type":"Polygon","coordinates":[[[-96.000000,28.350000],[-84.000000,28.350000],[-84.000000,37.800000],[-96.000000,37.800000],[-96.000000,28.350000]]]}},
    {"type":"Feature","properties":{"name":"N4W9","label":"N4W9","text":"N4W9","region":"N4W9","covered":false,"maps":1,"map_bytes":88420,"profiles":"12","west":-108.000000,"south":28.350000,"east":-96.000000,"north":37.800000,"lon":-102.000000,"lat":33.075000,"stroke":"#9aa0a6","stroke-width":1,"fill":"#9aa0a6","fill-opacity":0.06,"marker-color":"#9aa0a6"},"geometry":{"type":"Polygon","coordinates":[[[-108.000000,28.350000],[-96.000000,28.350000],[-96.000000,37.800000],[-108.000000,37.800000],[-108.000000,28.350000]]]}},
    {"type":"Feature","properties":{"name":"N5E1","label":"N5E1","text":"N5E1","region":"N5E1","covered":true,"maps":6,"map_bytes":152046264,"profiles":"08 09 0A 0B 12 16","west":0.000000,"south":37.800000,"east":15.000000,"north":47.250000,"lon":7.500000,"lat":42.525000,"stroke":"#e8663c","stroke-width":1,"fill":"#e8663c","fill-opacity":0.28,"marker-color":"#e8663c"},"geometry":{"type":"Polygon","coordinates":[[[0.000000,37.800000],[15.000000,37.800000],[15.000000,47.250000],[0.000000,47.250000],[0.000000,37.800000]]]}},
    {"type":"Feature","properties":{"name":"N5E10","label":"N5E10","text":"N5E10","region":"N5E10","covered":false,"maps":1,"map_bytes":2382776,"profiles":"12","west":134.999999,"south":37.800000,"east":149.999999,"north":47.250000,"lon":142.499999,"lat":42.525000,"stroke":"#9aa0a6","stroke-width":1,"fill":"#9aa0a6","fill-opacity":0.06,"marker-color":"#9aa0a6"},"geometry":{"type":"Polygon","coordinates":[[[134.999999,37.800000],[149.999999,37.800000],[149.999999,47.250000],[134.999999,47.250000],[134.999999,37.800000]]]}},
    {"type":"Feature","properties":{"name":"N5E11","label":"N5E11","text":"N5E11","region":"N5E11","covered":false,"maps":1,"map_bytes":452744,"profiles":"12","west":149.999999,"south":37.800000,"east":164.999999,"north":47.250000,"lon":157.499999,"lat":42.525000,"stroke":"#9aa0a6","stroke-width":1,"fill":"#9aa0a6","fill-opacity":0.06,"marker-color":"#9aa0a6"},"geometry":{"type":"Polygon","coordinates":[[[149.999999,37.800000],[164.999999,37.800000],[164.999999,47.250000],[149.999999,47.250000],[149.999999,37.800000]]]}},
    {"type":"Feature","properties":{"name":"N5E12","label":"N5E12","text":"N5E12","region":"N5E12","covered":false,"maps":1,"map_bytes":32984,"profiles":"12","west":164.999999,"south":37.800000,"east":179.999999,"north":47.250000,"lon":172.499999,"lat":42.525000,"stroke":"#9aa0a6","stroke-width":1,"fill":"#9aa0a6","fill-opacity":0.06,"marker-color":"#9aa0a6"},"geometry":{"type":"Polygon","coordinates":[[[164.999999,37.800000],[179.999999,37.800000],[179.999999,47.250000],[164.999999,47.250000],[164.999999,37.800000]]]}},
    {"type":"Feature","properties":{"name":"N5E2","label":"N5E2","text":"N5E2","region":"N5E2","covered":true,"maps":8,"map_bytes":243398652,"profiles":"03 04 08 0B 0E 12 16 2A","west":15.000000,"south":37.800000,"east":30.000000,"north":47.250000,"lon":22.500000,"lat":42.525000,"stroke":"#e8663c","stroke-width":1,"fill":"#e8663c","fill-opacity":0.28,"marker-color":"#e8663c"},"geometry":{"type":"Polygon","coordinates":[[[15.000000,37.800000],[30.000000,37.800000],[30.000000,47.250000],[15.000000,47.250000],[15.000000,37.800000]]]}},
    {"type":"Feature","properties":{"name":"N5E3","label":"N5E3","text":"N5E3","region":"N5E3","covered":true,"maps":3,"map_bytes":56222616,"profiles":"04 12 2A","west":30.000000,"south":37.800000,"east":45.000000,"north":47.250000,"lon":37.500000,"lat":42.525000,"stroke":"#e8663c","stroke-width":1,"fill":"#e8663c","fill-opacity":0.28,"marker-color":"#e8663c"},"geometry":{"type":"Polygon","coordinates":[[[30.000000,37.800000],[45.000000,37.800000],[45.000000,47.250000],[30.000000,47.250000],[30.000000,37.800000]]]}},
    {"type":"Feature","properties":{"name":"N5E4","label":"N5E4","text":"N5E4","region":"N5E4","covered":false,"maps":1,"map_bytes":2168112,"profiles":"12","west":45.000000,"south":37.800000,"east":60.000000,"north":47.250000,"lon":52.500000,"lat":42.525000,"stroke":"#9aa0a6","stroke-width":1,"fill":"#9aa0a6","fill-opacity":0.06,"marker-color":"#9aa0a6"},"geometry":{"type":"Polygon","coordinates":[[[45.000000,37.800000],[60.000000,37.800000],[60.000000,47.250000],[45.000000,47.250000],[45.000000,37.800000]]]}},
    {"type":"Feature","properties":{"name":"N5E5","label":"N5E5","text":"N5E5","region":"N5E5","covered":false,"maps":1,"map_bytes":106788,"profiles":"12","west":60.000000,"south":37.800000,"east":75.000000,"north":47.250000,"lon":67.500000,"lat":42.525000,"stroke":"#9aa0a6","stroke-width":1,"fill":"#9aa0a6","fill-opacity":0.06,"marker-color":"#9aa0a6"},"geometry":{"type":"Polygon","coordinates":[[[60.000000,37.800000],[75.000000,37.800000],[75.000000,47.250000],[60.000000,47.250000],[60.000000,37.800000]]]}},
    {"type":"Feature","properties":{"name":"N5E6","label":"N5E6","text":"N5E6","region":"N5E6","covered":false,"maps":1,"map_bytes":106460,"profiles":"12","west":75.000000,"south":37.800000,"east":90.000000,"north":47.250000,"lon":82.500000,"lat":42.525000,"stroke":"#9aa0a6","stroke-width":1,"fill":"#9aa0a6","fill-opacity":0.06,"marker-color":"#9aa0a6"},"geometry":{"type":"Polygon","coordinates":[[[75.000000,37.800000],[90.000000,37.800000],[90.000000,47.250000],[75.000000,47.250000],[75.000000,37.800000]]]}},
    {"type":"Feature","properties":{"name":"N5E7","label":"N5E7","text":"N5E7","region":"N5E7","covered":false,"maps":1,"map_bytes":4048,"profiles":"12","west":90.000000,"south":37.800000,"east":105.000000,"north":47.250000,"lon":97.500000,"lat":42.525000,"stroke":"#9aa0a6","stroke-width":1,"fill":"#9aa0a6","fill-opacity":0.06,"marker-color":"#9aa0a6"},"geometry":{"type":"Polygon","coordinates":[[[90.000000,37.800000],[105.000000,37.800000],[105.000000,47.250000],[90.000000,47.250000],[90.000000,37.800000]]]}},
    {"type":"Feature","properties":{"name":"N5E8","label":"N5E8","text":"N5E8","region":"N5E8","covered":false,"maps":1,"map_bytes":9212,"profiles":"12","west":105.000000,"south":37.800000,"east":120.000000,"north":47.250000,"lon":112.500000,"lat":42.525000,"stroke":"#9aa0a6","stroke-width":1,"fill":"#9aa0a6","fill-opacity":0.06,"marker-color":"#9aa0a6"},"geometry":{"type":"Polygon","coordinates":[[[105.000000,37.800000],[120.000000,37.800000],[120.000000,47.250000],[105.000000,47.250000],[105.000000,37.800000]]]}},
    {"type":"Feature","properties":{"name":"N5E9","label":"N5E9","text":"N5E9","region":"N5E9","covered":false,"maps":1,"map_bytes":437540,"profiles":"12","west":120.000000,"south":37.800000,"east":134.999999,"north":47.250000,"lon":127.500000,"lat":42.525000,"stroke":"#9aa0a6","stroke-width":1,"fill":"#9aa0a6","fill-opacity":0.06,"marker-color":"#9aa0a6"},"geometry":{"type":"Polygon","coordinates":[[[120.000000,37.800000],[134.999999,37.800000],[134.999999,47.250000],[120.000000,47.250000],[120.000000,37.800000]]]}},
    {"type":"Feature","properties":{"name":"N5W1","label":"N5W1","text":"N5W1","region":"N5W1","covered":true,"maps":3,"map_bytes":77116880,"profiles":"09 0A 12","west":-15.000000,"south":37.800000,"east":0.000000,"north":47.250000,"lon":-7.500000,"lat":42.525000,"stroke":"#e8663c","stroke-width":1,"fill":"#e8663c","fill-opacity":0.28,"marker-color":"#e8663c"},"geometry":{"type":"Polygon","coordinates":[[[-15.000000,37.800000],[0.000000,37.800000],[0.000000,47.250000],[-15.000000,47.250000],[-15.000000,37.800000]]]}},
    {"type":"Feature","properties":{"name":"N5W10","label":"N5W10","text":"N5W10","region":"N5W10","covered":false,"maps":1,"map_bytes":21440,"profiles":"12","west":-149.999999,"south":37.800000,"east":-134.999999,"north":47.250000,"lon":-142.499999,"lat":42.525000,"stroke":"#9aa0a6","stroke-width":1,"fill":"#9aa0a6","fill-opacity":0.06,"marker-color":"#9aa0a6"},"geometry":{"type":"Polygon","coordinates":[[[-149.999999,37.800000],[-134.999999,37.800000],[-134.999999,47.250000],[-149.999999,47.250000],[-149.999999,37.800000]]]}},
    {"type":"Feature","properties":{"name":"N5W11","label":"N5W11","text":"N5W11","region":"N5W11","covered":false,"maps":1,"map_bytes":21440,"profiles":"12","west":-164.999999,"south":37.800000,"east":-149.999999,"north":47.250000,"lon":-157.499999,"lat":42.525000,"stroke":"#9aa0a6","stroke-width":1,"fill":"#9aa0a6","fill-opacity":0.06,"marker-color":"#9aa0a6"},"geometry":{"type":"Polygon","coordinates":[[[-164.999999,37.800000],[-149.999999,37.800000],[-149.999999,47.250000],[-164.999999,47.250000],[-164.999999,37.800000]]]}},
    {"type":"Feature","properties":{"name":"N5W12","label":"N5W12","text":"N5W12","region":"N5W12","covered":false,"maps":1,"map_bytes":21368,"profiles":"12","west":-179.999999,"south":37.800000,"east":-164.999999,"north":47.250000,"lon":-172.499999,"lat":42.525000,"stroke":"#9aa0a6","stroke-width":1,"fill":"#9aa0a6","fill-opacity":0.06,"marker-color":"#9aa0a6"},"geometry":{"type":"Polygon","coordinates":[[[-179.999999,37.800000],[-164.999999,37.800000],[-164.999999,47.250000],[-179.999999,47.250000],[-179.999999,37.800000]]]}},
    {"type":"Feature","properties":{"name":"N5W2","label":"N5W2","text":"N5W2","region":"N5W2","covered":true,"maps":2,"map_bytes":1702960,"profiles":"09 12","west":-30.000000,"south":37.800000,"east":-15.000000,"north":47.250000,"lon":-22.500000,"lat":42.525000,"stroke":"#e8663c","stroke-width":1,"fill":"#e8663c","fill-opacity":0.28,"marker-color":"#e8663c"},"geometry":{"type":"Polygon","coordinates":[[[-30.000000,37.800000],[-15.000000,37.800000],[-15.000000,47.250000],[-30.000000,47.250000],[-30.000000,37.800000]]]}},
    {"type":"Feature","properties":{"name":"N5W3","label":"N5W3","text":"N5W3","region":"N5W3","covered":true,"maps":2,"map_bytes":500892,"profiles":"09 12","west":-45.000000,"south":37.800000,"east":-30.000000,"north":47.250000,"lon":-37.500000,"lat":42.525000,"stroke":"#e8663c","stroke-width":1,"fill":"#e8663c","fill-opacity":0.28,"marker-color":"#e8663c"},"geometry":{"type":"Polygon","coordinates":[[[-45.000000,37.800000],[-30.000000,37.800000],[-30.000000,47.250000],[-45.000000,47.250000],[-45.000000,37.800000]]]}},
    {"type":"Feature","properties":{"name":"N5W4","label":"N5W4","text":"N5W4","region":"N5W4","covered":false,"maps":1,"map_bytes":30232,"profiles":"12","west":-60.000000,"south":37.800000,"east":-45.000000,"north":47.250000,"lon":-52.500000,"lat":42.525000,"stroke":"#9aa0a6","stroke-width":1,"fill":"#9aa0a6","fill-opacity":0.06,"marker-color":"#9aa0a6"},"geometry":{"type":"Polygon","coordinates":[[[-60.000000,37.800000],[-45.000000,37.800000],[-45.000000,47.250000],[-60.000000,47.250000],[-60.000000,37.800000]]]}},
    {"type":"Feature","properties":{"name":"N5W5","label":"N5W5","text":"N5W5","region":"N5W5","covered":false,"maps":1,"map_bytes":173432,"profiles":"12","west":-75.000000,"south":37.800000,"east":-60.000000,"north":47.250000,"lon":-67.500000,"lat":42.525000,"stroke":"#9aa0a6","stroke-width":1,"fill":"#9aa0a6","fill-opacity":0.06,"marker-color":"#9aa0a6"},"geometry":{"type":"Polygon","coordinates":[[[-75.000000,37.800000],[-60.000000,37.800000],[-60.000000,47.250000],[-75.000000,47.250000],[-75.000000,37.800000]]]}},
    {"type":"Feature","properties":{"name":"N5W6","label":"N5W6","text":"N5W6","region":"N5W6","covered":false,"maps":1,"map_bytes":297616,"profiles":"12","west":-90.000000,"south":37.800000,"east":-75.000000,"north":47.250000,"lon":-82.500000,"lat":42.525000,"stroke":"#9aa0a6","stroke-width":1,"fill":"#9aa0a6","fill-opacity":0.06,"marker-color":"#9aa0a6"},"geometry":{"type":"Polygon","coordinates":[[[-90.000000,37.800000],[-75.000000,37.800000],[-75.000000,47.250000],[-90.000000,47.250000],[-90.000000,37.800000]]]}},
    {"type":"Feature","properties":{"name":"N5W7","label":"N5W7","text":"N5W7","region":"N5W7","covered":false,"maps":1,"map_bytes":109408,"profiles":"12","west":-105.000000,"south":37.800000,"east":-90.000000,"north":47.250000,"lon":-97.500000,"lat":42.525000,"stroke":"#9aa0a6","stroke-width":1,"fill":"#9aa0a6","fill-opacity":0.06,"marker-color":"#9aa0a6"},"geometry":{"type":"Polygon","coordinates":[[[-105.000000,37.800000],[-90.000000,37.800000],[-90.000000,47.250000],[-105.000000,47.250000],[-105.000000,37.800000]]]}},
    {"type":"Feature","properties":{"name":"N5W8","label":"N5W8","text":"N5W8","region":"N5W8","covered":false,"maps":1,"map_bytes":65360,"profiles":"12","west":-120.000000,"south":37.800000,"east":-105.000000,"north":47.250000,"lon":-112.500000,"lat":42.525000,"stroke":"#9aa0a6","stroke-width":1,"fill":"#9aa0a6","fill-opacity":0.06,"marker-color":"#9aa0a6"},"geometry":{"type":"Polygon","coordinates":[[[-120.000000,37.800000],[-105.000000,37.800000],[-105.000000,47.250000],[-120.000000,47.250000],[-120.000000,37.800000]]]}},
    {"type":"Feature","properties":{"name":"N5W9","label":"N5W9","text":"N5W9","region":"N5W9","covered":false,"maps":1,"map_bytes":71144,"profiles":"12","west":-134.999999,"south":37.800000,"east":-120.000000,"north":47.250000,"lon":-127.500000,"lat":42.525000,"stroke":"#9aa0a6","stroke-width":1,"fill":"#9aa0a6","fill-opacity":0.06,"marker-color":"#9aa0a6"},"geometry":{"type":"Polygon","coordinates":[[[-134.999999,37.800000],[-120.000000,37.800000],[-120.000000,47.250000],[-134.999999,47.250000],[-134.999999,37.800000]]]}},
    {"type":"Feature","properties":{"name":"N6E1","label":"N6E1","text":"N6E1","region":"N6E1","covered":true,"maps":9,"map_bytes":267774732,"profiles":"01 02 07 08 0A 0C 0D 0E 12","west":0.000000,"south":47.250000,"east":18.000000,"north":56.700000,"lon":9.000000,"lat":51.975000,"stroke":"#e8663c","stroke-width":1,"fill":"#e8663c","fill-opacity":0.28,"marker-color":"#e8663c"},"geometry":{"type":"Polygon","coordinates":[[[0.000000,47.250000],[18.000000,47.250000],[18.000000,56.700000],[0.000000,56.700000],[0.000000,47.250000]]]}},
    {"type":"Feature","properties":{"name":"N6E10","label":"N6E10","text":"N6E10","region":"N6E10","covered":false,"maps":1,"map_bytes":793352,"profiles":"12","west":161.999999,"south":47.250000,"east":179.999999,"north":56.700000,"lon":170.999999,"lat":51.975000,"stroke":"#9aa0a6","stroke-width":1,"fill":"#9aa0a6","fill-opacity":0.06,"marker-color":"#9aa0a6"},"geometry":{"type":"Polygon","coordinates":[[[161.999999,47.250000],[179.999999,47.250000],[179.999999,56.700000],[161.999999,56.700000],[161.999999,47.250000]]]}},
    {"type":"Feature","properties":{"name":"N6E2","label":"N6E2","text":"N6E2","region":"N6E2","covered":true,"maps":5,"map_bytes":238461368,"profiles":"02 0E 11 12 2A","west":18.000000,"south":47.250000,"east":36.000000,"north":56.700000,"lon":27.000000,"lat":51.975000,"stroke":"#e8663c","stroke-width":1,"fill":"#e8663c","fill-opacity":0.28,"marker-color":"#e8663c"},"geometry":{"type":"Polygon","coordinates":[[[18.000000,47.250000],[36.000000,47.250000],[36.000000,56.700000],[18.000000,56.700000],[18.000000,47.250000]]]}},
    {"type":"Feature","properties":{"name":"N6E3","label":"N6E3","text":"N6E3","region":"N6E3","covered":true,"maps":2,"map_bytes":32795336,"profiles":"12 2A","west":36.000000,"south":47.250000,"east":54.000000,"north":56.700000,"lon":45.000000,"lat":51.975000,"stroke":"#e8663c","stroke-width":1,"fill":"#e8663c","fill-opacity":0.28,"marker-color":"#e8663c"},"geometry":{"type":"Polygon","coordinates":[[[36.000000,47.250000],[54.000000,47.250000],[54.000000,56.700000],[36.000000,56.700000],[36.000000,47.250000]]]}},
    {"type":"Feature","properties":{"name":"N6E4","label":"N6E4","text":"N6E4","region":"N6E4","covered":false,"maps":1,"map_bytes":144848,"profiles":"12","west":54.000000,"south":47.250000,"east":72.000000,"north":56.700000,"lon":63.000000,"lat":51.975000,"stroke":"#9aa0a6","stroke-width":1,"fill":"#9aa0a6","fill-opacity":0.06,"marker-color":"#9aa0a6"},"geometry":{"type":"Polygon","coordinates":[[[54.000000,47.250000],[72.000000,47.250000],[72.000000,56.700000],[54.000000,56.700000],[54.000000,47.250000]]]}},
    {"type":"Feature","properties":{"name":"N6E5","label":"N6E5","text":"N6E5","region":"N6E5","covered":false,"maps":1,"map_bytes":152016,"profiles":"12","west":72.000000,"south":47.250000,"east":90.000000,"north":56.700000,"lon":81.000000,"lat":51.975000,"stroke":"#9aa0a6","stroke-width":1,"fill":"#9aa0a6","fill-opacity":0.06,"marker-color":"#9aa0a6"},"geometry":{"type":"Polygon","coordinates":[[[72.000000,47.250000],[90.000000,47.250000],[90.000000,56.700000],[72.000000,56.700000],[72.000000,47.250000]]]}},
    {"type":"Feature","properties":{"name":"N6E6","label":"N6E6","text":"N6E6","region":"N6E6","covered":false,"maps":1,"map_bytes":147560,"profiles":"12","west":90.000000,"south":47.250000,"east":108.000000,"north":56.700000,"lon":99.000000,"lat":51.975000,"stroke":"#9aa0a6","stroke-width":1,"fill":"#9aa0a6","fill-opacity":0.06,"marker-color":"#9aa0a6"},"geometry":{"type":"Polygon","coordinates":[[[90.000000,47.250000],[108.000000,47.250000],[108.000000,56.700000],[90.000000,56.700000],[90.000000,47.250000]]]}},
    {"type":"Feature","properties":{"name":"N6E7","label":"N6E7","text":"N6E7","region":"N6E7","covered":false,"maps":1,"map_bytes":90668,"profiles":"12","west":108.000000,"south":47.250000,"east":126.000000,"north":56.700000,"lon":117.000000,"lat":51.975000,"stroke":"#9aa0a6","stroke-width":1,"fill":"#9aa0a6","fill-opacity":0.06,"marker-color":"#9aa0a6"},"geometry":{"type":"Polygon","coordinates":[[[108.000000,47.250000],[126.000000,47.250000],[126.000000,56.700000],[108.000000,56.700000],[108.000000,47.250000]]]}},
    {"type":"Feature","properties":{"name":"N6E8","label":"N6E8","text":"N6E8","region":"N6E8","covered":false,"maps":1,"map_bytes":2342832,"profiles":"12","west":126.000000,"south":47.250000,"east":143.999999,"north":56.700000,"lon":134.999999,"lat":51.975000,"stroke":"#9aa0a6","stroke-width":1,"fill":"#9aa0a6","fill-opacity":0.06,"marker-color":"#9aa0a6"},"geometry":{"type":"Polygon","coordinates":[[[126.000000,47.250000],[143.999999,47.250000],[143.999999,56.700000],[126.000000,56.700000],[126.000000,47.250000]]]}},
    {"type":"Feature","properties":{"name":"N6E9","label":"N6E9","text":"N6E9","region":"N6E9","covered":false,"maps":1,"map_bytes":1462296,"profiles":"12","west":143.999999,"south":47.250000,"east":161.999999,"north":56.700000,"lon":152.999999,"lat":51.975000,"stroke":"#9aa0a6","stroke-width":1,"fill":"#9aa0a6","fill-opacity":0.06,"marker-color":"#9aa0a6"},"geometry":{"type":"Polygon","coordinates":[[[143.999999,47.250000],[161.999999,47.250000],[161.999999,56.700000],[143.999999,56.700000],[143.999999,47.250000]]]}},
    {"type":"Feature","properties":{"name":"N6W1","label":"N6W1","text":"N6W1","region":"N6W1","covered":true,"maps":3,"map_bytes":81844012,"profiles":"0A 0C 12","west":-18.000000,"south":47.250000,"east":0.000000,"north":56.700000,"lon":-9.000000,"lat":51.975000,"stroke":"#e8663c","stroke-width":1,"fill":"#e8663c","fill-opacity":0.28,"marker-color":"#e8663c"},"geometry":{"type":"Polygon","coordinates":[[[-18.000000,47.250000],[0.000000,47.250000],[0.000000,56.700000],[-18.000000,56.700000],[-18.000000,47.250000]]]}},
    {"type":"Feature","properties":{"name":"N6W10","label":"N6W10","text":"N6W10","region":"N6W10","covered":false,"maps":1,"map_bytes":54832,"profiles":"12","west":-179.999999,"south":47.250000,"east":-161.999999,"north":56.700000,"lon":-170.999999,"lat":51.975000,"stroke":"#9aa0a6","stroke-width":1,"fill":"#9aa0a6","fill-opacity":0.06,"marker-color":"#9aa0a6"},"geometry":{"type":"Polygon","coordinates":[[[-179.999999,47.250000],[-161.999999,47.250000],[-161.999999,56.700000],[-179.999999,56.700000],[-179.999999,47.250000]]]}},
    {"type":"Feature","properties":{"name":"N6W2","label":"N6W2","text":"N6W2","region":"N6W2","covered":false,"maps":1,"map_bytes":34540,"profiles":"12","west":-36.000000,"south":47.250000,"east":-18.000000,"north":56.700000,"lon":-27.000000,"lat":51.975000,"stroke":"#9aa0a6","stroke-width":1,"fill":"#9aa0a6","fill-opacity":0.06,"marker-color":"#9aa0a6"},"geometry":{"type":"Polygon","coordinates":[[[-36.000000,47.250000],[-18.000000,47.250000],[-18.000000,56.700000],[-36.000000,56.700000],[-36.000000,47.250000]]]}},
    {"type":"Feature","properties":{"name":"N6W3","label":"N6W3","text":"N6W3","region":"N6W3","covered":false,"maps":1,"map_bytes":37244,"profiles":"12","west":-54.000000,"south":47.250000,"east":-36.000000,"north":56.700000,"lon":-45.000000,"lat":51.975000,"stroke":"#9aa0a6","stroke-width":1,"fill":"#9aa0a6","fill-opacity":0.06,"marker-color":"#9aa0a6"},"geometry":{"type":"Polygon","coordinates":[[[-54.000000,47.250000],[-36.000000,47.250000],[-36.000000,56.700000],[-54.000000,56.700000],[-54.000000,47.250000]]]}},
    {"type":"Feature","properties":{"name":"N6W4","label":"N6W4","text":"N6W4","region":"N6W4","covered":false,"maps":1,"map_bytes":274328,"profiles":"12","west":-72.000000,"south":47.250000,"east":-54.000000,"north":56.700000,"lon":-63.000000,"lat":51.975000,"stroke":"#9aa0a6","stroke-width":1,"fill":"#9aa0a6","fill-opacity":0.06,"marker-color":"#9aa0a6"},"geometry":{"type":"Polygon","coordinates":[[[-72.000000,47.250000],[-54.000000,47.250000],[-54.000000,56.700000],[-72.000000,56.700000],[-72.000000,47.250000]]]}},
    {"type":"Feature","properties":{"name":"N6W5","label":"N6W5","text":"N6W5","region":"N6W5","covered":false,"maps":1,"map_bytes":427816,"profiles":"12","west":-90.000000,"south":47.250000,"east":-72.000000,"north":56.700000,"lon":-81.000000,"lat":51.975000,"stroke":"#9aa0a6","stroke-width":1,"fill":"#9aa0a6","fill-opacity":0.06,"marker-color":"#9aa0a6"},"geometry":{"type":"Polygon","coordinates":[[[-90.000000,47.250000],[-72.000000,47.250000],[-72.000000,56.700000],[-90.000000,56.700000],[-90.000000,47.250000]]]}},
    {"type":"Feature","properties":{"name":"N6W6","label":"N6W6","text":"N6W6","region":"N6W6","covered":false,"maps":1,"map_bytes":945072,"profiles":"12","west":-108.000000,"south":47.250000,"east":-90.000000,"north":56.700000,"lon":-99.000000,"lat":51.975000,"stroke":"#9aa0a6","stroke-width":1,"fill":"#9aa0a6","fill-opacity":0.06,"marker-color":"#9aa0a6"},"geometry":{"type":"Polygon","coordinates":[[[-108.000000,47.250000],[-90.000000,47.250000],[-90.000000,56.700000],[-108.000000,56.700000],[-108.000000,47.250000]]]}},
    {"type":"Feature","properties":{"name":"N6W7","label":"N6W7","text":"N6W7","region":"N6W7","covered":false,"maps":1,"map_bytes":102276,"profiles":"12","west":-126.000000,"south":47.250000,"east":-108.000000,"north":56.700000,"lon":-117.000000,"lat":51.975000,"stroke":"#9aa0a6","stroke-width":1,"fill":"#9aa0a6","fill-opacity":0.06,"marker-color":"#9aa0a6"},"geometry":{"type":"Polygon","coordinates":[[[-126.000000,47.250000],[-108.000000,47.250000],[-108.000000,56.700000],[-126.000000,56.700000],[-126.000000,47.250000]]]}},
    {"type":"Feature","properties":{"name":"N6W8","label":"N6W8","text":"N6W8","region":"N6W8","covered":false,"maps":1,"map_bytes":134396,"profiles":"12","west":-143.999999,"south":47.250000,"east":-126.000000,"north":56.700000,"lon":-134.999999,"lat":51.975000,"stroke":"#9aa0a6","stroke-width":1,"fill":"#9aa0a6","fill-opacity":0.06,"marker-color":"#9aa0a6"},"geometry":{"type":"Polygon","coordinates":[[[-143.999999,47.250000],[-126.000000,47.250000],[-126.000000,56.700000],[-143.999999,56.700000],[-143.999999,47.250000]]]}},
    {"type":"Feature","properties":{"name":"N6W9","label":"N6W9","text":"N6W9","region":"N6W9","covered":false,"maps":1,"map_bytes":41288,"profiles":"12","west":-161.999999,"south":47.250000,"east":-143.999999,"north":56.700000,"lon":-152.999999,"lat":51.975000,"stroke":"#9aa0a6","stroke-width":1,"fill":"#9aa0a6","fill-opacity":0.06,"marker-color":"#9aa0a6"},"geometry":{"type":"Polygon","coordinates":[[[-161.999999,47.250000],[-143.999999,47.250000],[-143.999999,56.700000],[-161.999999,56.700000],[-161.999999,47.250000]]]}},
    {"type":"Feature","properties":{"name":"N7E1","label":"N7E1","text":"N7E1","region":"N7E1","covered":true,"maps":3,"map_bytes":98040844,"profiles":"0D 11 12","west":0.000000,"south":56.700000,"east":25.714286,"north":66.150000,"lon":12.857143,"lat":61.425000,"stroke":"#e8663c","stroke-width":1,"fill":"#e8663c","fill-opacity":0.28,"marker-color":"#e8663c"},"geometry":{"type":"Polygon","coordinates":[[[0.000000,56.700000],[25.714286,56.700000],[25.714286,66.150000],[0.000000,66.150000],[0.000000,56.700000]]]}},
    {"type":"Feature","properties":{"name":"N7E2","label":"N7E2","text":"N7E2","region":"N7E2","covered":true,"maps":3,"map_bytes":36484580,"profiles":"0D 11 12","west":25.714286,"south":56.700000,"east":51.428571,"north":66.150000,"lon":38.571429,"lat":61.425000,"stroke":"#e8663c","stroke-width":1,"fill":"#e8663c","fill-opacity":0.28,"marker-color":"#e8663c"},"geometry":{"type":"Polygon","coordinates":[[[25.714286,56.700000],[51.428571,56.700000],[51.428571,66.150000],[25.714286,66.150000],[25.714286,56.700000]]]}},
    {"type":"Feature","properties":{"name":"N7E3","label":"N7E3","text":"N7E3","region":"N7E3","covered":false,"maps":1,"map_bytes":29072,"profiles":"12","west":51.428571,"south":56.700000,"east":77.142857,"north":66.150000,"lon":64.285714,"lat":61.425000,"stroke":"#9aa0a6","stroke-width":1,"fill":"#9aa0a6","fill-opacity":0.06,"marker-color":"#9aa0a6"},"geometry":{"type":"Polygon","coordinates":[[[51.428571,56.700000],[77.142857,56.700000],[77.142857,66.150000],[51.428571,66.150000],[51.428571,56.700000]]]}},
    {"type":"Feature","properties":{"name":"N7E4","label":"N7E4","text":"N7E4","region":"N7E4","covered":false,"maps":1,"map_bytes":10036,"profiles":"12","west":77.142857,"south":56.700000,"east":102.857143,"north":66.150000,"lon":90.000000,"lat":61.425000,"stroke":"#9aa0a6","stroke-width":1,"fill":"#9aa0a6","fill-opacity":0.06,"marker-color":"#9aa0a6"},"geometry":{"type":"Polygon","coordinates":[[[77.142857,56.700000],[102.857143,56.700000],[102.857143,66.150000],[77.142857,66.150000],[77.142857,56.700000]]]}},
    {"type":"Feature","properties":{"name":"N7E5","label":"N7E5","text":"N7E5","region":"N7E5","covered":false,"maps":1,"map_bytes":20760,"profiles":"12","west":102.857143,"south":56.700000,"east":128.571428,"north":66.150000,"lon":115.714286,"lat":61.425000,"stroke":"#9aa0a6","stroke-width":1,"fill":"#9aa0a6","fill-opacity":0.06,"marker-color":"#9aa0a6"},"geometry":{"type":"Polygon","coordinates":[[[102.857143,56.700000],[128.571428,56.700000],[128.571428,66.150000],[102.857143,66.150000],[102.857143,56.700000]]]}},
    {"type":"Feature","properties":{"name":"N7E6","label":"N7E6","text":"N7E6","region":"N7E6","covered":false,"maps":1,"map_bytes":610028,"profiles":"12","west":128.571428,"south":56.700000,"east":154.285714,"north":66.150000,"lon":141.428571,"lat":61.425000,"stroke":"#9aa0a6","stroke-width":1,"fill":"#9aa0a6","fill-opacity":0.06,"marker-color":"#9aa0a6"},"geometry":{"type":"Polygon","coordinates":[[[128.571428,56.700000],[154.285714,56.700000],[154.285714,66.150000],[128.571428,66.150000],[128.571428,56.700000]]]}},
    {"type":"Feature","properties":{"name":"N7E7","label":"N7E7","text":"N7E7","region":"N7E7","covered":false,"maps":1,"map_bytes":1099016,"profiles":"12","west":154.285714,"south":56.700000,"east":180.000000,"north":66.150000,"lon":167.142857,"lat":61.425000,"stroke":"#9aa0a6","stroke-width":1,"fill":"#9aa0a6","fill-opacity":0.06,"marker-color":"#9aa0a6"},"geometry":{"type":"Polygon","coordinates":[[[154.285714,56.700000],[180.000000,56.700000],[180.000000,66.150000],[154.285714,66.150000],[154.285714,56.700000]]]}},
    {"type":"Feature","properties":{"name":"N7W1","label":"N7W1","text":"N7W1","region":"N7W1","covered":true,"maps":3,"map_bytes":29872060,"profiles":"0C 0D 12","west":-25.714286,"south":56.700000,"east":0.000000,"north":66.150000,"lon":-12.857143,"lat":61.425000,"stroke":"#e8663c","stroke-width":1,"fill":"#e8663c","fill-opacity":0.28,"marker-color":"#e8663c"},"geometry":{"type":"Polygon","coordinates":[[[-25.714286,56.700000],[0.000000,56.700000],[0.000000,66.150000],[-25.714286,66.150000],[-25.714286,56.700000]]]}},
    {"type":"Feature","properties":{"name":"N7W2","label":"N7W2","text":"N7W2","region":"N7W2","covered":false,"maps":1,"map_bytes":343108,"profiles":"12","west":-51.428571,"south":56.700000,"east":-25.714286,"north":66.150000,"lon":-38.571429,"lat":61.425000,"stroke":"#9aa0a6","stroke-width":1,"fill":"#9aa0a6","fill-opacity":0.06,"marker-color":"#9aa0a6"},"geometry":{"type":"Polygon","coordinates":[[[-51.428571,56.700000],[-25.714286,56.700000],[-25.714286,66.150000],[-51.428571,66.150000],[-51.428571,56.700000]]]}},
    {"type":"Feature","properties":{"name":"N7W3","label":"N7W3","text":"N7W3","region":"N7W3","covered":false,"maps":1,"map_bytes":380260,"profiles":"12","west":-77.142857,"south":56.700000,"east":-51.428571,"north":66.150000,"lon":-64.285714,"lat":61.425000,"stroke":"#9aa0a6","stroke-width":1,"fill":"#9aa0a6","fill-opacity":0.06,"marker-color":"#9aa0a6"},"geometry":{"type":"Polygon","coordinates":[[[-77.142857,56.700000],[-51.428571,56.700000],[-51.428571,66.150000],[-77.142857,66.150000],[-77.142857,56.700000]]]}},
    {"type":"Feature","properties":{"name":"N7W4","label":"N7W4","text":"N7W4","region":"N7W4","covered":false,"maps":1,"map_bytes":411816,"profiles":"12","west":-102.857143,"south":56.700000,"east":-77.142857,"north":66.150000,"lon":-90.000000,"lat":61.425000,"stroke":"#9aa0a6","stroke-width":1,"fill":"#9aa0a6","fill-opacity":0.06,"marker-color":"#9aa0a6"},"geometry":{"type":"Polygon","coordinates":[[[-102.857143,56.700000],[-77.142857,56.700000],[-77.142857,66.150000],[-102.857143,66.150000],[-102.857143,56.700000]]]}},
    {"type":"Feature","properties":{"name":"N7W5","label":"N7W5","text":"N7W5","region":"N7W5","covered":false,"maps":1,"map_bytes":234212,"profiles":"12","west":-128.571428,"south":56.700000,"east":-102.857143,"north":66.150000,"lon":-115.714286,"lat":61.425000,"stroke":"#9aa0a6","stroke-width":1,"fill":"#9aa0a6","fill-opacity":0.06,"marker-color":"#9aa0a6"},"geometry":{"type":"Polygon","coordinates":[[[-128.571428,56.700000],[-102.857143,56.700000],[-102.857143,66.150000],[-128.571428,66.150000],[-128.571428,56.700000]]]}},
    {"type":"Feature","properties":{"name":"N7W6","label":"N7W6","text":"N7W6","region":"N7W6","covered":false,"maps":1,"map_bytes":143308,"profiles":"12","west":-154.285714,"south":56.700000,"east":-128.571428,"north":66.150000,"lon":-141.428571,"lat":61.425000,"stroke":"#9aa0a6","stroke-width":1,"fill":"#9aa0a6","fill-opacity":0.06,"marker-color":"#9aa0a6"},"geometry":{"type":"Polygon","coordinates":[[[-154.285714,56.700000],[-128.571428,56.700000],[-128.571428,66.150000],[-154.285714,66.150000],[-154.285714,56.700000]]]}},
    {"type":"Feature","properties":{"name":"N7W7","label":"N7W7","text":"N7W7","region":"N7W7","covered":false,"maps":1,"map_bytes":1423204,"profiles":"12","west":-180.000000,"south":56.700000,"east":-154.285714,"north":66.150000,"lon":-167.142857,"lat":61.425000,"stroke":"#9aa0a6","stroke-width":1,"fill":"#9aa0a6","fill-opacity":0.06,"marker-color":"#9aa0a6"},"geometry":{"type":"Polygon","coordinates":[[[-180.000000,56.700000],[-154.285714,56.700000],[-154.285714,66.150000],[-180.000000,66.150000],[-180.000000,56.700000]]]}},
    {"type":"Feature","properties":{"name":"N8E1","label":"N8E1","text":"N8E1","region":"N8E1","covered":true,"maps":2,"map_bytes":14430088,"profiles":"0D 12","west":0.000000,"south":66.150000,"east":25.714286,"north":75.600000,"lon":12.857143,"lat":70.875000,"stroke":"#e8663c","stroke-width":1,"fill":"#e8663c","fill-opacity":0.28,"marker-color":"#e8663c"},"geometry":{"type":"Polygon","coordinates":[[[0.000000,66.150000],[25.714286,66.150000],[25.714286,75.600000],[0.000000,75.600000],[0.000000,66.150000]]]}},
    {"type":"Feature","properties":{"name":"N8E2","label":"N8E2","text":"N8E2","region":"N8E2","covered":true,"maps":2,"map_bytes":10290176,"profiles":"0D 12","west":25.714286,"south":66.150000,"east":51.428571,"north":75.600000,"lon":38.571429,"lat":70.875000,"stroke":"#e8663c","stroke-width":1,"fill":"#e8663c","fill-opacity":0.28,"marker-color":"#e8663c"},"geometry":{"type":"Polygon","coordinates":[[[25.714286,66.150000],[51.428571,66.150000],[51.428571,75.600000],[25.714286,75.600000],[25.714286,66.150000]]]}},
    {"type":"Feature","properties":{"name":"N8E3","label":"N8E3","text":"N8E3","region":"N8E3","covered":false,"maps":1,"map_bytes":3878772,"profiles":"12","west":51.428571,"south":66.150000,"east":77.142857,"north":75.600000,"lon":64.285714,"lat":70.875000,"stroke":"#9aa0a6","stroke-width":1,"fill":"#9aa0a6","fill-opacity":0.06,"marker-color":"#9aa0a6"},"geometry":{"type":"Polygon","coordinates":[[[51.428571,66.150000],[77.142857,66.150000],[77.142857,75.600000],[51.428571,75.600000],[51.428571,66.150000]]]}},
    {"type":"Feature","properties":{"name":"N8E4","label":"N8E4","text":"N8E4","region":"N8E4","covered":false,"maps":1,"map_bytes":1440388,"profiles":"12","west":77.142857,"south":66.150000,"east":102.857143,"north":75.600000,"lon":90.000000,"lat":70.875000,"stroke":"#9aa0a6","stroke-width":1,"fill":"#9aa0a6","fill-opacity":0.06,"marker-color":"#9aa0a6"},"geometry":{"type":"Polygon","coordinates":[[[77.142857,66.150000],[102.857143,66.150000],[102.857143,75.600000],[77.142857,75.600000],[77.142857,66.150000]]]}},
    {"type":"Feature","properties":{"name":"N8E5","label":"N8E5","text":"N8E5","region":"N8E5","covered":false,"maps":1,"map_bytes":853572,"profiles":"12","west":102.857143,"south":66.150000,"east":128.571428,"north":75.600000,"lon":115.714286,"lat":70.875000,"stroke":"#9aa0a6","stroke-width":1,"fill":"#9aa0a6","fill-opacity":0.06,"marker-color":"#9aa0a6"},"geometry":{"type":"Polygon","coordinates":[[[102.857143,66.150000],[128.571428,66.150000],[128.571428,75.600000],[102.857143,75.600000],[102.857143,66.150000]]]}},
    {"type":"Feature","properties":{"name":"N8E6","label":"N8E6","text":"N8E6","region":"N8E6","covered":false,"maps":1,"map_bytes":2778884,"profiles":"12","west":128.571428,"south":66.150000,"east":154.285714,"north":75.600000,"lon":141.428571,"lat":70.875000,"stroke":"#9aa0a6","stroke-width":1,"fill":"#9aa0a6","fill-opacity":0.06,"marker-color":"#9aa0a6"},"geometry":{"type":"Polygon","coordinates":[[[128.571428,66.150000],[154.285714,66.150000],[154.285714,75.600000],[128.571428,75.600000],[128.571428,66.150000]]]}},
    {"type":"Feature","properties":{"name":"N8E7","label":"N8E7","text":"N8E7","region":"N8E7","covered":false,"maps":1,"map_bytes":1586504,"profiles":"12","west":154.285714,"south":66.150000,"east":180.000000,"north":75.600000,"lon":167.142857,"lat":70.875000,"stroke":"#9aa0a6","stroke-width":1,"fill":"#9aa0a6","fill-opacity":0.06,"marker-color":"#9aa0a6"},"geometry":{"type":"Polygon","coordinates":[[[154.285714,66.150000],[180.000000,66.150000],[180.000000,75.600000],[154.285714,75.600000],[154.285714,66.150000]]]}},
    {"type":"Feature","properties":{"name":"N8W1","label":"N8W1","text":"N8W1","region":"N8W1","covered":false,"maps":2,"map_bytes":1694464,"profiles":"12","west":-25.714286,"south":66.150000,"east":0.000000,"north":75.600000,"lon":-12.857143,"lat":70.875000,"stroke":"#9aa0a6","stroke-width":1,"fill":"#9aa0a6","fill-opacity":0.06,"marker-color":"#9aa0a6"},"geometry":{"type":"Polygon","coordinates":[[[-25.714286,66.150000],[0.000000,66.150000],[0.000000,75.600000],[-25.714286,75.600000],[-25.714286,66.150000]]]}},
    {"type":"Feature","properties":{"name":"N8W2","label":"N8W2","text":"N8W2","region":"N8W2","covered":false,"maps":1,"map_bytes":146092,"profiles":"12","west":-51.428571,"south":66.150000,"east":-25.714286,"north":75.600000,"lon":-38.571429,"lat":70.875000,"stroke":"#9aa0a6","stroke-width":1,"fill":"#9aa0a6","fill-opacity":0.06,"marker-color":"#9aa0a6"},"geometry":{"type":"Polygon","coordinates":[[[-51.428571,66.150000],[-25.714286,66.150000],[-25.714286,75.600000],[-51.428571,75.600000],[-51.428571,66.150000]]]}},
    {"type":"Feature","properties":{"name":"N8W3","label":"N8W3","text":"N8W3","region":"N8W3","covered":false,"maps":1,"map_bytes":148880,"profiles":"12","west":-77.142857,"south":66.150000,"east":-51.428571,"north":75.600000,"lon":-64.285714,"lat":70.875000,"stroke":"#9aa0a6","stroke-width":1,"fill":"#9aa0a6","fill-opacity":0.06,"marker-color":"#9aa0a6"},"geometry":{"type":"Polygon","coordinates":[[[-77.142857,66.150000],[-51.428571,66.150000],[-51.428571,75.600000],[-77.142857,75.600000],[-77.142857,66.150000]]]}},
    {"type":"Feature","properties":{"name":"N8W4","label":"N8W4","text":"N8W4","region":"N8W4","covered":false,"maps":1,"map_bytes":140740,"profiles":"12","west":-102.857143,"south":66.150000,"east":-77.142857,"north":75.600000,"lon":-90.000000,"lat":70.875000,"stroke":"#9aa0a6","stroke-width":1,"fill":"#9aa0a6","fill-opacity":0.06,"marker-color":"#9aa0a6"},"geometry":{"type":"Polygon","coordinates":[[[-102.857143,66.150000],[-77.142857,66.150000],[-77.142857,75.600000],[-102.857143,75.600000],[-102.857143,66.150000]]]}},
    {"type":"Feature","properties":{"name":"N8W5","label":"N8W5","text":"N8W5","region":"N8W5","covered":false,"maps":1,"map_bytes":109380,"profiles":"12","west":-128.571428,"south":66.150000,"east":-102.857143,"north":75.600000,"lon":-115.714286,"lat":70.875000,"stroke":"#9aa0a6","stroke-width":1,"fill":"#9aa0a6","fill-opacity":0.06,"marker-color":"#9aa0a6"},"geometry":{"type":"Polygon","coordinates":[[[-128.571428,66.150000],[-102.857143,66.150000],[-102.857143,75.600000],[-128.571428,75.600000],[-128.571428,66.150000]]]}},
    {"type":"Feature","properties":{"name":"N8W6","label":"N8W6","text":"N8W6","region":"N8W6","covered":false,"maps":1,"map_bytes":46052,"profiles":"12","west":-154.285714,"south":66.150000,"east":-128.571428,"north":75.600000,"lon":-141.428571,"lat":70.875000,"stroke":"#9aa0a6","stroke-width":1,"fill":"#9aa0a6","fill-opacity":0.06,"marker-color":"#9aa0a6"},"geometry":{"type":"Polygon","coordinates":[[[-154.285714,66.150000],[-128.571428,66.150000],[-128.571428,75.600000],[-154.285714,75.600000],[-154.285714,66.150000]]]}},
    {"type":"Feature","properties":{"name":"N8W7","label":"N8W7","text":"N8W7","region":"N8W7","covered":false,"maps":1,"map_bytes":1853516,"profiles":"12","west":-180.000000,"south":66.150000,"east":-154.285714,"north":75.600000,"lon":-167.142857,"lat":70.875000,"stroke":"#9aa0a6","stroke-width":1,"fill":"#9aa0a6","fill-opacity":0.06,"marker-color":"#9aa0a6"},"geometry":{"type":"Polygon","coordinates":[[[-180.000000,66.150000],[-154.285714,66.150000],[-154.285714,75.600000],[-180.000000,75.600000],[-180.000000,66.150000]]]}},
    {"type":"Feature","properties":{"name":"S1E1","label":"S1E1","text":"S1E1","region":"S1E1","covered":false,"maps":1,"map_bytes":34148,"profiles":"12","west":0.000000,"south":-9.450000,"east":10.000000,"north":0.000000,"lon":5.000000,"lat":-4.725000,"stroke":"#9aa0a6","stroke-width":1,"fill":"#9aa0a6","fill-opacity":0.06,"marker-color":"#9aa0a6"},"geometry":{"type":"Polygon","coordinates":[[[0.000000,-9.450000],[10.000000,-9.450000],[10.000000,0.000000],[0.000000,0.000000],[0.000000,-9.450000]]]}},
    {"type":"Feature","properties":{"name":"S1E10","label":"S1E10","text":"S1E10","region":"S1E10","covered":false,"maps":1,"map_bytes":31276,"profiles":"12","west":90.000000,"south":-9.450000,"east":100.000000,"north":0.000000,"lon":95.000000,"lat":-4.725000,"stroke":"#9aa0a6","stroke-width":1,"fill":"#9aa0a6","fill-opacity":0.06,"marker-color":"#9aa0a6"},"geometry":{"type":"Polygon","coordinates":[[[90.000000,-9.450000],[100.000000,-9.450000],[100.000000,0.000000],[90.000000,0.000000],[90.000000,-9.450000]]]}},
    {"type":"Feature","properties":{"name":"S1E11","label":"S1E11","text":"S1E11","region":"S1E11","covered":false,"maps":1,"map_bytes":56656,"profiles":"12","west":100.000000,"south":-9.450000,"east":110.000000,"north":0.000000,"lon":105.000000,"lat":-4.725000,"stroke":"#9aa0a6","stroke-width":1,"fill":"#9aa0a6","fill-opacity":0.06,"marker-color":"#9aa0a6"},"geometry":{"type":"Polygon","coordinates":[[[100.000000,-9.450000],[110.000000,-9.450000],[110.000000,0.000000],[100.000000,0.000000],[100.000000,-9.450000]]]}},
    {"type":"Feature","properties":{"name":"S1E12","label":"S1E12","text":"S1E12","region":"S1E12","covered":false,"maps":1,"map_bytes":66184,"profiles":"12","west":110.000000,"south":-9.450000,"east":120.000000,"north":0.000000,"lon":115.000000,"lat":-4.725000,"stroke":"#9aa0a6","stroke-width":1,"fill":"#9aa0a6","fill-opacity":0.06,"marker-color":"#9aa0a6"},"geometry":{"type":"Polygon","coordinates":[[[110.000000,-9.450000],[120.000000,-9.450000],[120.000000,0.000000],[110.000000,0.000000],[110.000000,-9.450000]]]}},
    {"type":"Feature","properties":{"name":"S1E13","label":"S1E13","text":"S1E13","region":"S1E13","covered":false,"maps":1,"map_bytes":107696,"profiles":"12","west":120.000000,"south":-9.450000,"east":130.000000,"north":0.000000,"lon":125.000000,"lat":-4.725000,"stroke":"#9aa0a6","stroke-width":1,"fill":"#9aa0a6","fill-opacity":0.06,"marker-color":"#9aa0a6"},"geometry":{"type":"Polygon","coordinates":[[[120.000000,-9.450000],[130.000000,-9.450000],[130.000000,0.000000],[120.000000,0.000000],[120.000000,-9.450000]]]}},
    {"type":"Feature","properties":{"name":"S1E14","label":"S1E14","text":"S1E14","region":"S1E14","covered":false,"maps":1,"map_bytes":84636,"profiles":"12","west":130.000000,"south":-9.450000,"east":140.000000,"north":0.000000,"lon":135.000000,"lat":-4.725000,"stroke":"#9aa0a6","stroke-width":1,"fill":"#9aa0a6","fill-opacity":0.06,"marker-color":"#9aa0a6"},"geometry":{"type":"Polygon","coordinates":[[[130.000000,-9.450000],[140.000000,-9.450000],[140.000000,0.000000],[130.000000,0.000000],[130.000000,-9.450000]]]}},
    {"type":"Feature","properties":{"name":"S1E15","label":"S1E15","text":"S1E15","region":"S1E15","covered":false,"maps":1,"map_bytes":60248,"profiles":"12","west":140.000000,"south":-9.450000,"east":150.000000,"north":0.000000,"lon":145.000000,"lat":-4.725000,"stroke":"#9aa0a6","stroke-width":1,"fill":"#9aa0a6","fill-opacity":0.06,"marker-color":"#9aa0a6"},"geometry":{"type":"Polygon","coordinates":[[[140.000000,-9.450000],[150.000000,-9.450000],[150.000000,0.000000],[140.000000,0.000000],[140.000000,-9.450000]]]}},
    {"type":"Feature","properties":{"name":"S1E16","label":"S1E16","text":"S1E16","region":"S1E16","covered":false,"maps":1,"map_bytes":74356,"profiles":"12","west":150.000000,"south":-9.450000,"east":160.000000,"north":0.000000,"lon":155.000000,"lat":-4.725000,"stroke":"#9aa0a6","stroke-width":1,"fill":"#9aa0a6","fill-opacity":0.06,"marker-color":"#9aa0a6"},"geometry":{"type":"Polygon","coordinates":[[[150.000000,-9.450000],[160.000000,-9.450000],[160.000000,0.000000],[150.000000,0.000000],[150.000000,-9.450000]]]}},
    {"type":"Feature","properties":{"name":"S1E17","label":"S1E17","text":"S1E17","region":"S1E17","covered":false,"maps":1,"map_bytes":34636,"profiles":"12","west":160.000000,"south":-9.450000,"east":170.000000,"north":0.000000,"lon":165.000000,"lat":-4.725000,"stroke":"#9aa0a6","stroke-width":1,"fill":"#9aa0a6","fill-opacity":0.06,"marker-color":"#9aa0a6"},"geometry":{"type":"Polygon","coordinates":[[[160.000000,-9.450000],[170.000000,-9.450000],[170.000000,0.000000],[160.000000,0.000000],[160.000000,-9.450000]]]}},
    {"type":"Feature","properties":{"name":"S1E18","label":"S1E18","text":"S1E18","region":"S1E18","covered":false,"maps":1,"map_bytes":39276,"profiles":"12","west":170.000000,"south":-9.450000,"east":180.000000,"north":0.000000,"lon":175.000000,"lat":-4.725000,"stroke":"#9aa0a6","stroke-width":1,"fill":"#9aa0a6","fill-opacity":0.06,"marker-color":"#9aa0a6"},"geometry":{"type":"Polygon","coordinates":[[[170.000000,-9.450000],[180.000000,-9.450000],[180.000000,0.000000],[170.000000,0.000000],[170.000000,-9.450000]]]}},
    {"type":"Feature","properties":{"name":"S1E2","label":"S1E2","text":"S1E2","region":"S1E2","covered":false,"maps":1,"map_bytes":28148,"profiles":"12","west":10.000000,"south":-9.450000,"east":20.000000,"north":0.000000,"lon":15.000000,"lat":-4.725000,"stroke":"#9aa0a6","stroke-width":1,"fill":"#9aa0a6","fill-opacity":0.06,"marker-color":"#9aa0a6"},"geometry":{"type":"Polygon","coordinates":[[[10.000000,-9.450000],[20.000000,-9.450000],[20.000000,0.000000],[10.000000,0.000000],[10.000000,-9.450000]]]}},
    {"type":"Feature","properties":{"name":"S1E3","label":"S1E3","text":"S1E3","region":"S1E3","covered":false,"maps":1,"map_bytes":26428,"profiles":"12","west":20.000000,"south":-9.450000,"east":30.000000,"north":0.000000,"lon":25.000000,"lat":-4.725000,"stroke":"#9aa0a6","stroke-width":1,"fill":"#9aa0a6","fill-opacity":0.06,"marker-color":"#9aa0a6"},"geometry":{"type":"Polygon","coordinates":[[[20.000000,-9.450000],[30.000000,-9.450000],[30.000000,0.000000],[20.000000,0.000000],[20.000000,-9.450000]]]}},
    {"type":"Feature","properties":{"name":"S1E4","label":"S1E4","text":"S1E4","region":"S1E4","covered":false,"maps":1,"map_bytes":96516,"profiles":"12","west":30.000000,"south":-9.450000,"east":40.000000,"north":0.000000,"lon":35.000000,"lat":-4.725000,"stroke":"#9aa0a6","stroke-width":1,"fill":"#9aa0a6","fill-opacity":0.06,"marker-color":"#9aa0a6"},"geometry":{"type":"Polygon","coordinates":[[[30.000000,-9.450000],[40.000000,-9.450000],[40.000000,0.000000],[30.000000,0.000000],[30.000000,-9.450000]]]}},
    {"type":"Feature","properties":{"name":"S1E5","label":"S1E5","text":"S1E5","region":"S1E5","covered":false,"maps":1,"map_bytes":32324,"profiles":"12","west":40.000000,"south":-9.450000,"east":50.000000,"north":0.000000,"lon":45.000000,"lat":-4.725000,"stroke":"#9aa0a6","stroke-width":1,"fill":"#9aa0a6","fill-opacity":0.06,"marker-color":"#9aa0a6"},"geometry":{"type":"Polygon","coordinates":[[[40.000000,-9.450000],[50.000000,-9.450000],[50.000000,0.000000],[40.000000,0.000000],[40.000000,-9.450000]]]}},
    {"type":"Feature","properties":{"name":"S1E6","label":"S1E6","text":"S1E6","region":"S1E6","covered":false,"maps":1,"map_bytes":20472,"profiles":"12","west":50.000000,"south":-9.450000,"east":60.000000,"north":0.000000,"lon":55.000000,"lat":-4.725000,"stroke":"#9aa0a6","stroke-width":1,"fill":"#9aa0a6","fill-opacity":0.06,"marker-color":"#9aa0a6"},"geometry":{"type":"Polygon","coordinates":[[[50.000000,-9.450000],[60.000000,-9.450000],[60.000000,0.000000],[50.000000,0.000000],[50.000000,-9.450000]]]}},
    {"type":"Feature","properties":{"name":"S1E7","label":"S1E7","text":"S1E7","region":"S1E7","covered":false,"maps":1,"map_bytes":18972,"profiles":"12","west":60.000000,"south":-9.450000,"east":70.000000,"north":0.000000,"lon":65.000000,"lat":-4.725000,"stroke":"#9aa0a6","stroke-width":1,"fill":"#9aa0a6","fill-opacity":0.06,"marker-color":"#9aa0a6"},"geometry":{"type":"Polygon","coordinates":[[[60.000000,-9.450000],[70.000000,-9.450000],[70.000000,0.000000],[60.000000,0.000000],[60.000000,-9.450000]]]}},
    {"type":"Feature","properties":{"name":"S1E8","label":"S1E8","text":"S1E8","region":"S1E8","covered":false,"maps":1,"map_bytes":22052,"profiles":"12","west":70.000000,"south":-9.450000,"east":80.000000,"north":0.000000,"lon":75.000000,"lat":-4.725000,"stroke":"#9aa0a6","stroke-width":1,"fill":"#9aa0a6","fill-opacity":0.06,"marker-color":"#9aa0a6"},"geometry":{"type":"Polygon","coordinates":[[[70.000000,-9.450000],[80.000000,-9.450000],[80.000000,0.000000],[70.000000,0.000000],[70.000000,-9.450000]]]}},
    {"type":"Feature","properties":{"name":"S1E9","label":"S1E9","text":"S1E9","region":"S1E9","covered":false,"maps":1,"map_bytes":18972,"profiles":"12","west":80.000000,"south":-9.450000,"east":90.000000,"north":0.000000,"lon":85.000000,"lat":-4.725000,"stroke":"#9aa0a6","stroke-width":1,"fill":"#9aa0a6","fill-opacity":0.06,"marker-color":"#9aa0a6"},"geometry":{"type":"Polygon","coordinates":[[[80.000000,-9.450000],[90.000000,-9.450000],[90.000000,0.000000],[80.000000,0.000000],[80.000000,-9.450000]]]}},
    {"type":"Feature","properties":{"name":"S1W1","label":"S1W1","text":"S1W1","region":"S1W1","covered":false,"maps":1,"map_bytes":36456,"profiles":"12","west":-10.000000,"south":-9.450000,"east":0.000000,"north":0.000000,"lon":-5.000000,"lat":-4.725000,"stroke":"#9aa0a6","stroke-width":1,"fill":"#9aa0a6","fill-opacity":0.06,"marker-color":"#9aa0a6"},"geometry":{"type":"Polygon","coordinates":[[[-10.000000,-9.450000],[0.000000,-9.450000],[0.000000,0.000000],[-10.000000,0.000000],[-10.000000,-9.450000]]]}},
    {"type":"Feature","properties":{"name":"S1W10","label":"S1W10","text":"S1W10","region":"S1W10","covered":false,"maps":1,"map_bytes":29252,"profiles":"12","west":-100.000000,"south":-9.450000,"east":-90.000000,"north":0.000000,"lon":-95.000000,"lat":-4.725000,"stroke":"#9aa0a6","stroke-width":1,"fill":"#9aa0a6","fill-opacity":0.06,"marker-color":"#9aa0a6"},"geometry":{"type":"Polygon","coordinates":[[[-100.000000,-9.450000],[-90.000000,-9.450000],[-90.000000,0.000000],[-100.000000,0.000000],[-100.000000,-9.450000]]]}},
    {"type":"Feature","properties":{"name":"S1W11","label":"S1W11","text":"S1W11","region":"S1W11","covered":false,"maps":1,"map_bytes":22344,"profiles":"12","west":-110.000000,"south":-9.450000,"east":-100.000000,"north":0.000000,"lon":-105.000000,"lat":-4.725000,"stroke":"#9aa0a6","stroke-width":1,"fill":"#9aa0a6","fill-opacity":0.06,"marker-color":"#9aa0a6"},"geometry":{"type":"Polygon","coordinates":[[[-110.000000,-9.450000],[-100.000000,-9.450000],[-100.000000,0.000000],[-110.000000,0.000000],[-110.000000,-9.450000]]]}},
    {"type":"Feature","properties":{"name":"S1W12","label":"S1W12","text":"S1W12","region":"S1W12","covered":false,"maps":1,"map_bytes":28140,"profiles":"12","west":-120.000000,"south":-9.450000,"east":-110.000000,"north":0.000000,"lon":-115.000000,"lat":-4.725000,"stroke":"#9aa0a6","stroke-width":1,"fill":"#9aa0a6","fill-opacity":0.06,"marker-color":"#9aa0a6"},"geometry":{"type":"Polygon","coordinates":[[[-120.000000,-9.450000],[-110.000000,-9.450000],[-110.000000,0.000000],[-120.000000,0.000000],[-120.000000,-9.450000]]]}},
    {"type":"Feature","properties":{"name":"S1W13","label":"S1W13","text":"S1W13","region":"S1W13","covered":false,"maps":1,"map_bytes":25212,"profiles":"12","west":-130.000000,"south":-9.450000,"east":-120.000000,"north":0.000000,"lon":-125.000000,"lat":-4.725000,"stroke":"#9aa0a6","stroke-width":1,"fill":"#9aa0a6","fill-opacity":0.06,"marker-color":"#9aa0a6"},"geometry":{"type":"Polygon","coordinates":[[[-130.000000,-9.450000],[-120.000000,-9.450000],[-120.000000,0.000000],[-130.000000,0.000000],[-130.000000,-9.450000]]]}},
    {"type":"Feature","properties":{"name":"S1W14","label":"S1W14","text":"S1W14","region":"S1W14","covered":false,"maps":1,"map_bytes":25540,"profiles":"12","west":-140.000000,"south":-9.450000,"east":-130.000000,"north":0.000000,"lon":-135.000000,"lat":-4.725000,"stroke":"#9aa0a6","stroke-width":1,"fill":"#9aa0a6","fill-opacity":0.06,"marker-color":"#9aa0a6"},"geometry":{"type":"Polygon","coordinates":[[[-140.000000,-9.450000],[-130.000000,-9.450000],[-130.000000,0.000000],[-140.000000,0.000000],[-140.000000,-9.450000]]]}},
    {"type":"Feature","properties":{"name":"S1W15","label":"S1W15","text":"S1W15","region":"S1W15","covered":false,"maps":1,"map_bytes":26260,"profiles":"12","west":-150.000000,"south":-9.450000,"east":-140.000000,"north":0.000000,"lon":-145.000000,"lat":-4.725000,"stroke":"#9aa0a6","stroke-width":1,"fill":"#9aa0a6","fill-opacity":0.06,"marker-color":"#9aa0a6"},"geometry":{"type":"Polygon","coordinates":[[[-150.000000,-9.450000],[-140.000000,-9.450000],[-140.000000,0.000000],[-150.000000,0.000000],[-150.000000,-9.450000]]]}},
    {"type":"Feature","properties":{"name":"S1W16","label":"S1W16","text":"S1W16","region":"S1W16","covered":false,"maps":1,"map_bytes":26556,"profiles":"12","west":-160.000000,"south":-9.450000,"east":-150.000000,"north":0.000000,"lon":-155.000000,"lat":-4.725000,"stroke":"#9aa0a6","stroke-width":1,"fill":"#9aa0a6","fill-opacity":0.06,"marker-color":"#9aa0a6"},"geometry":{"type":"Polygon","coordinates":[[[-160.000000,-9.450000],[-150.000000,-9.450000],[-150.000000,0.000000],[-160.000000,0.000000],[-160.000000,-9.450000]]]}},
    {"type":"Feature","properties":{"name":"S1W17","label":"S1W17","text":"S1W17","region":"S1W17","covered":false,"maps":1,"map_bytes":25212,"profiles":"12","west":-170.000000,"south":-9.450000,"east":-160.000000,"north":0.000000,"lon":-165.000000,"lat":-4.725000,"stroke":"#9aa0a6","stroke-width":1,"fill":"#9aa0a6","fill-opacity":0.06,"marker-color":"#9aa0a6"},"geometry":{"type":"Polygon","coordinates":[[[-170.000000,-9.450000],[-160.000000,-9.450000],[-160.000000,0.000000],[-170.000000,0.000000],[-170.000000,-9.450000]]]}},
    {"type":"Feature","properties":{"name":"S1W18","label":"S1W18","text":"S1W18","region":"S1W18","covered":false,"maps":1,"map_bytes":26360,"profiles":"12","west":-180.000000,"south":-9.450000,"east":-170.000000,"north":0.000000,"lon":-175.000000,"lat":-4.725000,"stroke":"#9aa0a6","stroke-width":1,"fill":"#9aa0a6","fill-opacity":0.06,"marker-color":"#9aa0a6"},"geometry":{"type":"Polygon","coordinates":[[[-180.000000,-9.450000],[-170.000000,-9.450000],[-170.000000,0.000000],[-180.000000,0.000000],[-180.000000,-9.450000]]]}},
    {"type":"Feature","properties":{"name":"S1W2","label":"S1W2","text":"S1W2","region":"S1W2","covered":false,"maps":1,"map_bytes":21928,"profiles":"12","west":-20.000000,"south":-9.450000,"east":-10.000000,"north":0.000000,"lon":-15.000000,"lat":-4.725000,"stroke":"#9aa0a6","stroke-width":1,"fill":"#9aa0a6","fill-opacity":0.06,"marker-color":"#9aa0a6"},"geometry":{"type":"Polygon","coordinates":[[[-20.000000,-9.450000],[-10.000000,-9.450000],[-10.000000,0.000000],[-20.000000,0.000000],[-20.000000,-9.450000]]]}},
    {"type":"Feature","properties":{"name":"S1W3","label":"S1W3","text":"S1W3","region":"S1W3","covered":false,"maps":1,"map_bytes":31544,"profiles":"12","west":-30.000000,"south":-9.450000,"east":-20.000000,"north":0.000000,"lon":-25.000000,"lat":-4.725000,"stroke":"#9aa0a6","stroke-width":1,"fill":"#9aa0a6","fill-opacity":0.06,"marker-color":"#9aa0a6"},"geometry":{"type":"Polygon","coordinates":[[[-30.000000,-9.450000],[-20.000000,-9.450000],[-20.000000,0.000000],[-30.000000,0.000000],[-30.000000,-9.450000]]]}},
    {"type":"Feature","properties":{"name":"S1W4","label":"S1W4","text":"S1W4","region":"S1W4","covered":false,"maps":1,"map_bytes":27496,"profiles":"12","west":-40.000000,"south":-9.450000,"east":-30.000000,"north":0.000000,"lon":-35.000000,"lat":-4.725000,"stroke":"#9aa0a6","stroke-width":1,"fill":"#9aa0a6","fill-opacity":0.06,"marker-color":"#9aa0a6"},"geometry":{"type":"Polygon","coordinates":[[[-40.000000,-9.450000],[-30.000000,-9.450000],[-30.000000,0.000000],[-40.000000,0.000000],[-40.000000,-9.450000]]]}},
    {"type":"Feature","properties":{"name":"S1W5","label":"S1W5","text":"S1W5","region":"S1W5","covered":false,"maps":1,"map_bytes":62164,"profiles":"12","west":-50.000000,"south":-9.450000,"east":-40.000000,"north":0.000000,"lon":-45.000000,"lat":-4.725000,"stroke":"#9aa0a6","stroke-width":1,"fill":"#9aa0a6","fill-opacity":0.06,"marker-color":"#9aa0a6"},"geometry":{"type":"Polygon","coordinates":[[[-50.000000,-9.450000],[-40.000000,-9.450000],[-40.000000,0.000000],[-50.000000,0.000000],[-50.000000,-9.450000]]]}},
    {"type":"Feature","properties":{"name":"S1W6","label":"S1W6","text":"S1W6","region":"S1W6","covered":false,"maps":1,"map_bytes":76376,"profiles":"12","west":-60.000000,"south":-9.450000,"east":-50.000000,"north":0.000000,"lon":-55.000000,"lat":-4.725000,"stroke":"#9aa0a6","stroke-width":1,"fill":"#9aa0a6","fill-opacity":0.06,"marker-color":"#9aa0a6"},"geometry":{"type":"Polygon","coordinates":[[[-60.000000,-9.450000],[-50.000000,-9.450000],[-50.000000,0.000000],[-60.000000,0.000000],[-60.000000,-9.450000]]]}},
    {"type":"Feature","properties":{"name":"S1W7","label":"S1W7","text":"S1W7","region":"S1W7","covered":false,"maps":1,"map_bytes":24808,"profiles":"12","west":-70.000000,"south":-9.450000,"east":-60.000000,"north":0.000000,"lon":-65.000000,"lat":-4.725000,"stroke":"#9aa0a6","stroke-width":1,"fill":"#9aa0a6","fill-opacity":0.06,"marker-color":"#9aa0a6"},"geometry":{"type":"Polygon","coordinates":[[[-70.000000,-9.450000],[-60.000000,-9.450000],[-60.000000,0.000000],[-70.000000,0.000000],[-70.000000,-9.450000]]]}},
    {"type":"Feature","properties":{"name":"S1W8","label":"S1W8","text":"S1W8","region":"S1W8","covered":false,"maps":1,"map_bytes":45464,"profiles":"12","west":-80.000000,"south":-9.450000,"east":-70.000000,"north":0.000000,"lon":-75.000000,"lat":-4.725000,"stroke":"#9aa0a6","stroke-width":1,"fill":"#9aa0a6","fill-opacity":0.06,"marker-color":"#9aa0a6"},"geometry":{"type":"Polygon","coordinates":[[[-80.000000,-9.450000],[-70.000000,-9.450000],[-70.000000,0.000000],[-80.000000,0.000000],[-80.000000,-9.450000]]]}},
    {"type":"Feature","properties":{"name":"S1W9","label":"S1W9","text":"S1W9","region":"S1W9","covered":false,"maps":1,"map_bytes":45092,"profiles":"12","west":-90.000000,"south":-9.450000,"east":-80.000000,"north":0.000000,"lon":-85.000000,"lat":-4.725000,"stroke":"#9aa0a6","stroke-width":1,"fill":"#9aa0a6","fill-opacity":0.06,"marker-color":"#9aa0a6"},"geometry":{"type":"Polygon","coordinates":[[[-90.000000,-9.450000],[-80.000000,-9.450000],[-80.000000,0.000000],[-90.000000,0.000000],[-90.000000,-9.450000]]]}},
    {"type":"Feature","properties":{"name":"S2E1","label":"S2E1","text":"S2E1","region":"S2E1","covered":false,"maps":1,"map_bytes":27472,"profiles":"12","west":0.000000,"south":-18.900000,"east":10.000000,"north":-9.450000,"lon":5.000000,"lat":-14.175000,"stroke":"#9aa0a6","stroke-width":1,"fill":"#9aa0a6","fill-opacity":0.06,"marker-color":"#9aa0a6"},"geometry":{"type":"Polygon","coordinates":[[[0.000000,-18.900000],[10.000000,-18.900000],[10.000000,-9.450000],[0.000000,-9.450000],[0.000000,-18.900000]]]}},
    {"type":"Feature","properties":{"name":"S2E10","label":"S2E10","text":"S2E10","region":"S2E10","covered":false,"maps":1,"map_bytes":18524,"profiles":"12","west":90.000000,"south":-18.900000,"east":100.000000,"north":-9.450000,"lon":95.000000,"lat":-14.175000,"stroke":"#9aa0a6","stroke-width":1,"fill":"#9aa0a6","fill-opacity":0.06,"marker-color":"#9aa0a6"},"geometry":{"type":"Polygon","coordinates":[[[90.000000,-18.900000],[100.000000,-18.900000],[100.000000,-9.450000],[90.000000,-9.450000],[90.000000,-18.900000]]]}},
    {"type":"Feature","properties":{"name":"S2E11","label":"S2E11","text":"S2E11","region":"S2E11","covered":false,"maps":1,"map_bytes":15780,"profiles":"12","west":100.000000,"south":-18.900000,"east":110.000000,"north":-9.450000,"lon":105.000000,"lat":-14.175000,"stroke":"#9aa0a6","stroke-width":1,"fill":"#9aa0a6","fill-opacity":0.06,"marker-color":"#9aa0a6"},"geometry":{"type":"Polygon","coordinates":[[[100.000000,-18.900000],[110.000000,-18.900000],[110.000000,-9.450000],[100.000000,-9.450000],[100.000000,-18.900000]]]}},
    {"type":"Feature","properties":{"name":"S2E12","label":"S2E12","text":"S2E12","region":"S2E12","covered":false,"maps":1,"map_bytes":20992,"profiles":"12","west":110.000000,"south":-18.900000,"east":120.000000,"north":-9.450000,"lon":115.000000,"lat":-14.175000,"stroke":"#9aa0a6","stroke-width":1,"fill":"#9aa0a6","fill-opacity":0.06,"marker-color":"#9aa0a6"},"geometry":{"type":"Polygon","coordinates":[[[110.000000,-18.900000],[120.000000,-18.900000],[120.000000,-9.450000],[110.000000,-9.450000],[110.000000,-18.900000]]]}},
    {"type":"Feature","properties":{"name":"S2E13","label":"S2E13","text":"S2E13","region":"S2E13","covered":false,"maps":1,"map_bytes":73716,"profiles":"12","west":120.000000,"south":-18.900000,"east":130.000000,"north":-9.450000,"lon":125.000000,"lat":-14.175000,"stroke":"#9aa0a6","stroke-width":1,"fill":"#9aa0a6","fill-opacity":0.06,"marker-color":"#9aa0a6"},"geometry":{"type":"Polygon","coordinates":[[[120.000000,-18.900000],[130.000000,-18.900000],[130.000000,-9.450000],[120.000000,-9.450000],[120.000000,-18.900000]]]}},
    {"type":"Feature","properties":{"name":"S2E14","label":"S2E14","text":"S2E14","region":"S2E14","covered":false,"maps":1,"map_bytes":60940,"profiles":"12","west":130.000000,"south":-18.900000,"east":140.000000,"north":-9.450000,"lon":135.000000,"lat":-14.175000,"stroke":"#9aa0a6","stroke-width":1,"fill":"#9aa0a6","fill-opacity":0.06,"marker-color":"#9aa0a6"},"geometry":{"type":"Polygon","coordinates":[[[130.000000,-18.900000],[140.000000,-18.900000],[140.000000,-9.450000],[130.000000,-9.450000],[130.000000,-18.900000]]]}},
    {"type":"Feature","properties":{"name":"S2E15","label":"S2E15","text":"S2E15","region":"S2E15","covered":false,"maps":1,"map_bytes":43856,"profiles":"12","west":140.000000,"south":-18.900000,"east":150.000000,"north":-9.450000,"lon":145.000000,"lat":-14.175000,"stroke":"#9aa0a6","stroke-width":1,"fill":"#9aa0a6","fill-opacity":0.06,"marker-color":"#9aa0a6"},"geometry":{"type":"Polygon","coordinates":[[[140.000000,-18.900000],[150.000000,-18.900000],[150.000000,-9.450000],[140.000000,-9.450000],[140.000000,-18.900000]]]}},
    {"type":"Feature","properties":{"name":"S2E16","label":"S2E16","text":"S2E16","region":"S2E16","covered":false,"maps":1,"map_bytes":40288,"profiles":"12","west":150.000000,"south":-18.900000,"east":160.000000,"north":-9.450000,"lon":155.000000,"lat":-14.175000,"stroke":"#9aa0a6","stroke-width":1,"fill":"#9aa0a6","fill-opacity":0.06,"marker-color":"#9aa0a6"},"geometry":{"type":"Polygon","coordinates":[[[150.000000,-18.900000],[160.000000,-18.900000],[160.000000,-9.450000],[150.000000,-9.450000],[150.000000,-18.900000]]]}},
    {"type":"Feature","properties":{"name":"S2E17","label":"S2E17","text":"S2E17","region":"S2E17","covered":false,"maps":1,"map_bytes":48264,"profiles":"12","west":160.000000,"south":-18.900000,"east":170.000000,"north":-9.450000,"lon":165.000000,"lat":-14.175000,"stroke":"#9aa0a6","stroke-width":1,"fill":"#9aa0a6","fill-opacity":0.06,"marker-color":"#9aa0a6"},"geometry":{"type":"Polygon","coordinates":[[[160.000000,-18.900000],[170.000000,-18.900000],[170.000000,-9.450000],[160.000000,-9.450000],[160.000000,-18.900000]]]}},
    {"type":"Feature","properties":{"name":"S2E18","label":"S2E18","text":"S2E18","region":"S2E18","covered":false,"maps":1,"map_bytes":43904,"profiles":"12","west":170.000000,"south":-18.900000,"east":180.000000,"north":-9.450000,"lon":175.000000,"lat":-14.175000,"stroke":"#9aa0a6","stroke-width":1,"fill":"#9aa0a6","fill-opacity":0.06,"marker-color":"#9aa0a6"},"geometry":{"type":"Polygon","coordinates":[[[170.000000,-18.900000],[180.000000,-18.900000],[180.000000,-9.450000],[170.000000,-9.450000],[170.000000,-18.900000]]]}},
    {"type":"Feature","properties":{"name":"S2E2","label":"S2E2","text":"S2E2","region":"S2E2","covered":false,"maps":1,"map_bytes":19820,"profiles":"12","west":10.000000,"south":-18.900000,"east":20.000000,"north":-9.450000,"lon":15.000000,"lat":-14.175000,"stroke":"#9aa0a6","stroke-width":1,"fill":"#9aa0a6","fill-opacity":0.06,"marker-color":"#9aa0a6"},"geometry":{"type":"Polygon","coordinates":[[[10.000000,-18.900000],[20.000000,-18.900000],[20.000000,-9.450000],[10.000000,-9.450000],[10.000000,-18.900000]]]}},
    {"type":"Feature","properties":{"name":"S2E3","label":"S2E3","text":"S2E3","region":"S2E3","covered":false,"maps":1,"map_bytes":51176,"profiles":"12","west":20.000000,"south":-18.900000,"east":30.000000,"north":-9.450000,"lon":25.000000,"lat":-14.175000,"stroke":"#9aa0a6","stroke-width":1,"fill":"#9aa0a6","fill-opacity":0.06,"marker-color":"#9aa0a6"},"geometry":{"type":"Polygon","coordinates":[[[20.000000,-18.900000],[30.000000,-18.900000],[30.000000,-9.450000],[20.000000,-9.450000],[20.000000,-18.900000]]]}},
    {"type":"Feature","properties":{"name":"S2E4","label":"S2E4","text":"S2E4","region":"S2E4","covered":false,"maps":1,"map_bytes":53804,"profiles":"12","west":30.000000,"south":-18.900000,"east":40.000000,"north":-9.450000,"lon":35.000000,"lat":-14.175000,"stroke":"#9aa0a6","stroke-width":1,"fill":"#9aa0a6","fill-opacity":0.06,"marker-color":"#9aa0a6"},"geometry":{"type":"Polygon","coordinates":[[[30.000000,-18.900000],[40.000000,-18.900000],[40.000000,-9.450000],[30.000000,-9.450000],[30.000000,-18.900000]]]}},
    {"type":"Feature","properties":{"name":"S2E5","label":"S2E5","text":"S2E5","region":"S2E5","covered":false,"maps":1,"map_bytes":54808,"profiles":"12","west":40.000000,"south":-18.900000,"east":50.000000,"north":-9.450000,"lon":45.000000,"lat":-14.175000,"stroke":"#9aa0a6","stroke-width":1,"fill":"#9aa0a6","fill-opacity":0.06,"marker-color":"#9aa0a6"},"geometry":{"type":"Polygon","coordinates":[[[40.000000,-18.900000],[50.000000,-18.900000],[50.000000,-9.450000],[40.000000,-9.450000],[40.000000,-18.900000]]]}},
    {"type":"Feature","properties":{"name":"S2E6","label":"S2E6","text":"S2E6","region":"S2E6","covered":false,"maps":1,"map_bytes":23032,"profiles":"12","west":50.000000,"south":-18.900000,"east":60.000000,"north":-9.450000,"lon":55.000000,"lat":-14.175000,"stroke":"#9aa0a6","stroke-width":1,"fill":"#9aa0a6","fill-opacity":0.06,"marker-color":"#9aa0a6"},"geometry":{"type":"Polygon","coordinates":[[[50.000000,-18.900000],[60.000000,-18.900000],[60.000000,-9.450000],[50.000000,-9.450000],[50.000000,-18.900000]]]}},
    {"type":"Feature","properties":{"name":"S2E7","label":"S2E7","text":"S2E7","region":"S2E7","covered":false,"maps":1,"map_bytes":18972,"profiles":"12","west":60.000000,"south":-18.900000,"east":70.000000,"north":-9.450000,"lon":65.000000,"lat":-14.175000,"stroke":"#9aa0a6","stroke-width":1,"fill":"#9aa0a6","fill-opacity":0.06,"marker-color":"#9aa0a6"},"geometry":{"type":"Polygon","coordinates":[[[60.000000,-18.900000],[70.000000,-18.900000],[70.000000,-9.450000],[60.000000,-9.450000],[60.000000,-18.900000]]]}},
    {"type":"Feature","properties":{"name":"S2E8","label":"S2E8","text":"S2E8","region":"S2E8","covered":false,"maps":1,"map_bytes":18972,"profiles":"12","west":70.000000,"south":-18.900000,"east":80.000000,"north":-9.450000,"lon":75.000000,"lat":-14.175000,"stroke":"#9aa0a6","stroke-width":1,"fill":"#9aa0a6","fill-opacity":0.06,"marker-color":"#9aa0a6"},"geometry":{"type":"Polygon","coordinates":[[[70.000000,-18.900000],[80.000000,-18.900000],[80.000000,-9.450000],[70.000000,-9.450000],[70.000000,-18.900000]]]}},
    {"type":"Feature","properties":{"name":"S2E9","label":"S2E9","text":"S2E9","region":"S2E9","covered":false,"maps":1,"map_bytes":18976,"profiles":"12","west":80.000000,"south":-18.900000,"east":90.000000,"north":-9.450000,"lon":85.000000,"lat":-14.175000,"stroke":"#9aa0a6","stroke-width":1,"fill":"#9aa0a6","fill-opacity":0.06,"marker-color":"#9aa0a6"},"geometry":{"type":"Polygon","coordinates":[[[80.000000,-18.900000],[90.000000,-18.900000],[90.000000,-9.450000],[80.000000,-9.450000],[80.000000,-18.900000]]]}},
    {"type":"Feature","properties":{"name":"S2W1","label":"S2W1","text":"S2W1","region":"S2W1","covered":false,"maps":1,"map_bytes":30864,"profiles":"12","west":-10.000000,"south":-18.900000,"east":0.000000,"north":-9.450000,"lon":-5.000000,"lat":-14.175000,"stroke":"#9aa0a6","stroke-width":1,"fill":"#9aa0a6","fill-opacity":0.06,"marker-color":"#9aa0a6"},"geometry":{"type":"Polygon","coordinates":[[[-10.000000,-18.900000],[0.000000,-18.900000],[0.000000,-9.450000],[-10.000000,-9.450000],[-10.000000,-18.900000]]]}},
    {"type":"Feature","properties":{"name":"S2W10","label":"S2W10","text":"S2W10","region":"S2W10","covered":false,"maps":1,"map_bytes":24900,"profiles":"12","west":-100.000000,"south":-18.900000,"east":-90.000000,"north":-9.450000,"lon":-95.000000,"lat":-14.175000,"stroke":"#9aa0a6","stroke-width":1,"fill":"#9aa0a6","fill-opacity":0.06,"marker-color":"#9aa0a6"},"geometry":{"type":"Polygon","coordinates":[[[-100.000000,-18.900000],[-90.000000,-18.900000],[-90.000000,-9.450000],[-100.000000,-9.450000],[-100.000000,-18.900000]]]}},
    {"type":"Feature","properties":{"name":"S2W11","label":"S2W11","text":"S2W11","region":"S2W11","covered":false,"maps":1,"map_bytes":24900,"profiles":"12","west":-110.000000,"south":-18.900000,"east":-100.000000,"north":-9.450000,"lon":-105.000000,"lat":-14.175000,"stroke":"#9aa0a6","stroke-width":1,"fill":"#9aa0a6","fill-opacity":0.06,"marker-color":"#9aa0a6"},"geometry":{"type":"Polygon","coordinates":[[[-110.000000,-18.900000],[-100.000000,-18.900000],[-100.000000,-9.450000],[-110.000000,-9.450000],[-110.000000,-18.900000]]]}},
    {"type":"Feature","properties":{"name":"S2W12","label":"S2W12","text":"S2W12","region":"S2W12","covered":false,"maps":1,"map_bytes":29800,"profiles":"12","west":-120.000000,"south":-18.900000,"east":-110.000000,"north":-9.450000,"lon":-115.000000,"lat":-14.175000,"stroke":"#9aa0a6","stroke-width":1,"fill":"#9aa0a6","fill-opacity":0.06,"marker-color":"#9aa0a6"},"geometry":{"type":"Polygon","coordinates":[[[-120.000000,-18.900000],[-110.000000,-18.900000],[-110.000000,-9.450000],[-120.000000,-9.450000],[-120.000000,-18.900000]]]}},
    {"type":"Feature","properties":{"name":"S2W13","label":"S2W13","text":"S2W13","region":"S2W13","covered":false,"maps":1,"map_bytes":25212,"profiles":"12","west":-130.000000,"south":-18.900000,"east":-120.000000,"north":-9.450000,"lon":-125.000000,"lat":-14.175000,"stroke":"#9aa0a6","stroke-width":1,"fill":"#9aa0a6","fill-opacity":0.06,"marker-color":"#9aa0a6"},"geometry":{"type":"Polygon","coordinates":[[[-130.000000,-18.900000],[-120.000000,-18.900000],[-120.000000,-9.450000],[-130.000000,-9.450000],[-130.000000,-18.900000]]]}},
    {"type":"Feature","properties":{"name":"S2W14","label":"S2W14","text":"S2W14","region":"S2W14","covered":false,"maps":1,"map_bytes":27688,"profiles":"12","west":-140.000000,"south":-18.900000,"east":-130.000000,"north":-9.450000,"lon":-135.000000,"lat":-14.175000,"stroke":"#9aa0a6","stroke-width":1,"fill":"#9aa0a6","fill-opacity":0.06,"marker-color":"#9aa0a6"},"geometry":{"type":"Polygon","coordinates":[[[-140.000000,-18.900000],[-130.000000,-18.900000],[-130.000000,-9.450000],[-140.000000,-9.450000],[-140.000000,-18.900000]]]}},
    {"type":"Feature","properties":{"name":"S2W15","label":"S2W15","text":"S2W15","region":"S2W15","covered":false,"maps":1,"map_bytes":36880,"profiles":"12","west":-150.000000,"south":-18.900000,"east":-140.000000,"north":-9.450000,"lon":-145.000000,"lat":-14.175000,"stroke":"#9aa0a6","stroke-width":1,"fill":"#9aa0a6","fill-opacity":0.06,"marker-color":"#9aa0a6"},"geometry":{"type":"Polygon","coordinates":[[[-150.000000,-18.900000],[-140.000000,-18.900000],[-140.000000,-9.450000],[-150.000000,-9.450000],[-150.000000,-18.900000]]]}},
    {"type":"Feature","properties":{"name":"S2W16","label":"S2W16","text":"S2W16","region":"S2W16","covered":false,"maps":1,"map_bytes":24872,"profiles":"12","west":-160.000000,"south":-18.900000,"east":-150.000000,"north":-9.450000,"lon":-155.000000,"lat":-14.175000,"stroke":"#9aa0a6","stroke-width":1,"fill":"#9aa0a6","fill-opacity":0.06,"marker-color":"#9aa0a6"},"geometry":{"type":"Polygon","coordinates":[[[-160.000000,-18.900000],[-150.000000,-18.900000],[-150.000000,-9.450000],[-160.000000,-9.450000],[-160.000000,-18.900000]]]}},
    {"type":"Feature","properties":{"name":"S2W17","label":"S2W17","text":"S2W17","region":"S2W17","covered":false,"maps":1,"map_bytes":26172,"profiles":"12","west":-170.000000,"south":-18.900000,"east":-160.000000,"north":-9.450000,"lon":-165.000000,"lat":-14.175000,"stroke":"#9aa0a6","stroke-width":1,"fill":"#9aa0a6","fill-opacity":0.06,"marker-color":"#9aa0a6"},"geometry":{"type":"Polygon","coordinates":[[[-170.000000,-18.900000],[-160.000000,-18.900000],[-160.000000,-9.450000],[-170.000000,-9.450000],[-170.000000,-18.900000]]]}},
    {"type":"Feature","properties":{"name":"S2W18","label":"S2W18","text":"S2W18","region":"S2W18","covered":false,"maps":1,"map_bytes":34004,"profiles":"12","west":-180.000000,"south":-18.900000,"east":-170.000000,"north":-9.450000,"lon":-175.000000,"lat":-14.175000,"stroke":"#9aa0a6","stroke-width":1,"fill":"#9aa0a6","fill-opacity":0.06,"marker-color":"#9aa0a6"},"geometry":{"type":"Polygon","coordinates":[[[-180.000000,-18.900000],[-170.000000,-18.900000],[-170.000000,-9.450000],[-180.000000,-9.450000],[-180.000000,-18.900000]]]}},
    {"type":"Feature","properties":{"name":"S2W2","label":"S2W2","text":"S2W2","region":"S2W2","covered":false,"maps":1,"map_bytes":21928,"profiles":"12","west":-20.000000,"south":-18.900000,"east":-10.000000,"north":-9.450000,"lon":-15.000000,"lat":-14.175000,"stroke":"#9aa0a6","stroke-width":1,"fill":"#9aa0a6","fill-opacity":0.06,"marker-color":"#9aa0a6"},"geometry":{"type":"Polygon","coordinates":[[[-20.000000,-18.900000],[-10.000000,-18.900000],[-10.000000,-9.450000],[-20.000000,-9.450000],[-20.000000,-18.900000]]]}},
    {"type":"Feature","properties":{"name":"S2W3","label":"S2W3","text":"S2W3","region":"S2W3","covered":false,"maps":1,"map_bytes":31528,"profiles":"12","west":-30.000000,"south":-18.900000,"east":-20.000000,"north":-9.450000,"lon":-25.000000,"lat":-14.175000,"stroke":"#9aa0a6","stroke-width":1,"fill":"#9aa0a6","fill-opacity":0.06,"marker-color":"#9aa0a6"},"geometry":{"type":"Polygon","coordinates":[[[-30.000000,-18.900000],[-20.000000,-18.900000],[-20.000000,-9.450000],[-30.000000,-9.450000],[-30.000000,-18.900000]]]}},
    {"type":"Feature","properties":{"name":"S2W4","label":"S2W4","text":"S2W4","region":"S2W4","covered":false,"maps":1,"map_bytes":30036,"profiles":"12","west":-40.000000,"south":-18.900000,"east":-30.000000,"north":-9.450000,"lon":-35.000000,"lat":-14.175000,"stroke":"#9aa0a6","stroke-width":1,"fill":"#9aa0a6","fill-opacity":0.06,"marker-color":"#9aa0a6"},"geometry":{"type":"Polygon","coordinates":[[[-40.000000,-18.900000],[-30.000000,-18.900000],[-30.000000,-9.450000],[-40.000000,-9.450000],[-40.000000,-18.900000]]]}},
    {"type":"Feature","properties":{"name":"S2W5","label":"S2W5","text":"S2W5","region":"S2W5","covered":false,"maps":1,"map_bytes":11152,"profiles":"12","west":-50.000000,"south":-18.900000,"east":-40.000000,"north":-9.450000,"lon":-45.000000,"lat":-14.175000,"stroke":"#9aa0a6","stroke-width":1,"fill":"#9aa0a6","fill-opacity":0.06,"marker-color":"#9aa0a6"},"geometry":{"type":"Polygon","coordinates":[[[-50.000000,-18.900000],[-40.000000,-18.900000],[-40.000000,-9.450000],[-50.000000,-9.450000],[-50.000000,-18.900000]]]}},
    {"type":"Feature","properties":{"name":"S2W6","label":"S2W6","text":"S2W6","region":"S2W6","covered":false,"maps":1,"map_bytes":5196,"profiles":"12","west":-60.000000,"south":-18.900000,"east":-50.000000,"north":-9.450000,"lon":-55.000000,"lat":-14.175000,"stroke":"#9aa0a6","stroke-width":1,"fill":"#9aa0a6","fill-opacity":0.06,"marker-color":"#9aa0a6"},"geometry":{"type":"Polygon","coordinates":[[[-60.000000,-18.900000],[-50.000000,-18.900000],[-50.000000,-9.450000],[-60.000000,-9.450000],[-60.000000,-18.900000]]]}},
    {"type":"Feature","properties":{"name":"S2W7","label":"S2W7","text":"S2W7","region":"S2W7","covered":false,"maps":1,"map_bytes":51388,"profiles":"12","west":-70.000000,"south":-18.900000,"east":-60.000000,"north":-9.450000,"lon":-65.000000,"lat":-14.175000,"stroke":"#9aa0a6","stroke-width":1,"fill":"#9aa0a6","fill-opacity":0.06,"marker-color":"#9aa0a6"},"geometry":{"type":"Polygon","coordinates":[[[-70.000000,-18.900000],[-60.000000,-18.900000],[-60.000000,-9.450000],[-70.000000,-9.450000],[-70.000000,-18.900000]]]}},
    {"type":"Feature","properties":{"name":"S2W8","label":"S2W8","text":"S2W8","region":"S2W8","covered":false,"maps":1,"map_bytes":27520,"profiles":"12","west":-80.000000,"south":-18.900000,"east":-70.000000,"north":-9.450000,"lon":-75.000000,"lat":-14.175000,"stroke":"#9aa0a6","stroke-width":1,"fill":"#9aa0a6","fill-opacity":0.06,"marker-color":"#9aa0a6"},"geometry":{"type":"Polygon","coordinates":[[[-80.000000,-18.900000],[-70.000000,-18.900000],[-70.000000,-9.450000],[-80.000000,-9.450000],[-80.000000,-18.900000]]]}},
    {"type":"Feature","properties":{"name":"S2W9","label":"S2W9","text":"S2W9","region":"S2W9","covered":false,"maps":1,"map_bytes":24888,"profiles":"12","west":-90.000000,"south":-18.900000,"east":-80.000000,"north":-9.450000,"lon":-85.000000,"lat":-14.175000,"stroke":"#9aa0a6","stroke-width":1,"fill":"#9aa0a6","fill-opacity":0.06,"marker-color":"#9aa0a6"},"geometry":{"type":"Polygon","coordinates":[[[-90.000000,-18.900000],[-80.000000,-18.900000],[-80.000000,-9.450000],[-90.000000,-9.450000],[-90.000000,-18.900000]]]}},
    {"type":"Feature","properties":{"name":"S3E1","label":"S3E1","text":"S3E1","region":"S3E1","covered":false,"maps":1,"map_bytes":34108,"profiles":"12","west":0.000000,"south":-28.350000,"east":11.250000,"north":-18.900000,"lon":5.625000,"lat":-23.625000,"stroke":"#9aa0a6","stroke-width":1,"fill":"#9aa0a6","fill-opacity":0.06,"marker-color":"#9aa0a6"},"geometry":{"type":"Polygon","coordinates":[[[0.000000,-28.350000],[11.250000,-28.350000],[11.250000,-18.900000],[0.000000,-18.900000],[0.000000,-28.350000]]]}},
    {"type":"Feature","properties":{"name":"S3E10","label":"S3E10","text":"S3E10","region":"S3E10","covered":false,"maps":1,"map_bytes":23552,"profiles":"12","west":101.250000,"south":-28.350000,"east":112.500000,"north":-18.900000,"lon":106.875000,"lat":-23.625000,"stroke":"#9aa0a6","stroke-width":1,"fill":"#9aa0a6","fill-opacity":0.06,"marker-color":"#9aa0a6"},"geometry":{"type":"Polygon","coordinates":[[[101.250000,-28.350000],[112.500000,-28.350000],[112.500000,-18.900000],[101.250000,-18.900000],[101.250000,-28.350000]]]}},
    {"type":"Feature","properties":{"name":"S3E11","label":"S3E11","text":"S3E11","region":"S3E11","covered":false,"maps":1,"map_bytes":25600,"profiles":"12","west":112.500000,"south":-28.350000,"east":123.750000,"north":-18.900000,"lon":118.125000,"lat":-23.625000,"stroke":"#9aa0a6","stroke-width":1,"fill":"#9aa0a6","fill-opacity":0.06,"marker-color":"#9aa0a6"},"geometry":{"type":"Polygon","coordinates":[[[112.500000,-28.350000],[123.750000,-28.350000],[123.750000,-18.900000],[112.500000,-18.900000],[112.500000,-28.350000]]]}},
    {"type":"Feature","properties":{"name":"S3E13","label":"S3E13","text":"S3E13","region":"S3E13","covered":false,"maps":1,"map_bytes":4856,"profiles":"12","west":135.000000,"south":-28.350000,"east":146.250000,"north":-18.900000,"lon":140.625000,"lat":-23.625000,"stroke":"#9aa0a6","stroke-width":1,"fill":"#9aa0a6","fill-opacity":0.06,"marker-color":"#9aa0a6"},"geometry":{"type":"Polygon","coordinates":[[[135.000000,-28.350000],[146.250000,-28.350000],[146.250000,-18.900000],[135.000000,-18.900000],[135.000000,-28.350000]]]}},
    {"type":"Feature","properties":{"name":"S3E14","label":"S3E14","text":"S3E14","region":"S3E14","covered":false,"maps":1,"map_bytes":42536,"profiles":"12","west":146.250000,"south":-28.350000,"east":157.500000,"north":-18.900000,"lon":151.875000,"lat":-23.625000,"stroke":"#9aa0a6","stroke-width":1,"fill":"#9aa0a6","fill-opacity":0.06,"marker-color":"#9aa0a6"},"geometry":{"type":"Polygon","coordinates":[[[146.250000,-28.350000],[157.500000,-28.350000],[157.500000,-18.900000],[146.250000,-18.900000],[146.250000,-28.350000]]]}},
    {"type":"Feature","properties":{"name":"S3E15","label":"S3E15","text":"S3E15","region":"S3E15","covered":false,"maps":1,"map_bytes":43916,"profiles":"12","west":157.500000,"south":-28.350000,"east":168.750000,"north":-18.900000,"lon":163.125000,"lat":-23.625000,"stroke":"#9aa0a6","stroke-width":1,"fill":"#9aa0a6","fill-opacity":0.06,"marker-color":"#9aa0a6"},"geometry":{"type":"Polygon","coordinates":[[[157.500000,-28.350000],[168.750000,-28.350000],[168.750000,-18.900000],[157.500000,-18.900000],[157.500000,-28.350000]]]}},
    {"type":"Feature","properties":{"name":"S3E16","label":"S3E16","text":"S3E16","region":"S3E16","covered":false,"maps":1,"map_bytes":38976,"profiles":"12","west":168.750000,"south":-28.350000,"east":180.000000,"north":-18.900000,"lon":174.375000,"lat":-23.625000,"stroke":"#9aa0a6","stroke-width":1,"fill":"#9aa0a6","fill-opacity":0.06,"marker-color":"#9aa0a6"},"geometry":{"type":"Polygon","coordinates":[[[168.750000,-28.350000],[180.000000,-28.350000],[180.000000,-18.900000],[168.750000,-18.900000],[168.750000,-28.350000]]]}},
    {"type":"Feature","properties":{"name":"S3E2","label":"S3E2","text":"S3E2","region":"S3E2","covered":false,"maps":1,"map_bytes":15656,"profiles":"12","west":11.250000,"south":-28.350000,"east":22.500000,"north":-18.900000,"lon":16.875000,"lat":-23.625000,"stroke":"#9aa0a6","stroke-width":1,"fill":"#9aa0a6","fill-opacity":0.06,"marker-color":"#9aa0a6"},"geometry":{"type":"Polygon","coordinates":[[[11.250000,-28.350000],[22.500000,-28.350000],[22.500000,-18.900000],[11.250000,-18.900000],[11.250000,-28.350000]]]}},
    {"type":"Feature","properties":{"name":"S3E3","label":"S3E3","text":"S3E3","region":"S3E3","covered":false,"maps":1,"map_bytes":22608,"profiles":"12","west":22.500000,"south":-28.350000,"east":33.750000,"north":-18.900000,"lon":28.125000,"lat":-23.625000,"stroke":"#9aa0a6","stroke-width":1,"fill":"#9aa0a6","fill-opacity":0.06,"marker-color":"#9aa0a6"},"geometry":{"type":"Polygon","coordinates":[[[22.500000,-28.350000],[33.750000,-28.350000],[33.750000,-18.900000],[22.500000,-18.900000],[22.500000,-28.350000]]]}},
    {"type":"Feature","properties":{"name":"S3E4","label":"S3E4","text":"S3E4","region":"S3E4","covered":false,"maps":1,"map_bytes":35988,"profiles":"12","west":33.750000,"south":-28.350000,"east":45.000000,"north":-18.900000,"lon":39.375000,"lat":-23.625000,"stroke":"#9aa0a6","stroke-width":1,"fill":"#9aa0a6","fill-opacity":0.06,"marker-color":"#9aa0a6"},"geometry":{"type":"Polygon","coordinates":[[[33.750000,-28.350000],[45.000000,-28.350000],[45.000000,-18.900000],[33.750000,-18.900000],[33.750000,-28.350000]]]}},
    {"type":"Feature","properties":{"name":"S3E5","label":"S3E5","text":"S3E5","region":"S3E5","covered":false,"maps":1,"map_bytes":21548,"profiles":"12","west":45.000000,"south":-28.350000,"east":56.250000,"north":-18.900000,"lon":50.625000,"lat":-23.625000,"stroke":"#9aa0a6","stroke-width":1,"fill":"#9aa0a6","fill-opacity":0.06,"marker-color":"#9aa0a6"},"geometry":{"type":"Polygon","coordinates":[[[45.000000,-28.350000],[56.250000,-28.350000],[56.250000,-18.900000],[45.000000,-18.900000],[45.000000,-28.350000]]]}},
    {"type":"Feature","properties":{"name":"S3E6","label":"S3E6","text":"S3E6","region":"S3E6","covered":false,"maps":1,"map_bytes":25788,"profiles":"12","west":56.250000,"south":-28.350000,"east":67.500000,"north":-18.900000,"lon":61.875000,"lat":-23.625000,"stroke":"#9aa0a6","stroke-width":1,"fill":"#9aa0a6","fill-opacity":0.06,"marker-color":"#9aa0a6"},"geometry":{"type":"Polygon","coordinates":[[[56.250000,-28.350000],[67.500000,-28.350000],[67.500000,-18.900000],[56.250000,-18.900000],[56.250000,-28.350000]]]}},
    {"type":"Feature","properties":{"name":"S3E7","label":"S3E7","text":"S3E7","region":"S3E7","covered":false,"maps":1,"map_bytes":19228,"profiles":"12","west":67.500000,"south":-28.350000,"east":78.750000,"north":-18.900000,"lon":73.125000,"lat":-23.625000,"stroke":"#9aa0a6","stroke-width":1,"fill":"#9aa0a6","fill-opacity":0.06,"marker-color":"#9aa0a6"},"geometry":{"type":"Polygon","coordinates":[[[67.500000,-28.350000],[78.750000,-28.350000],[78.750000,-18.900000],[67.500000,-18.900000],[67.500000,-28.350000]]]}},
    {"type":"Feature","properties":{"name":"S3E8","label":"S3E8","text":"S3E8","region":"S3E8","covered":false,"maps":1,"map_bytes":19228,"profiles":"12","west":78.750000,"south":-28.350000,"east":90.000000,"north":-18.900000,"lon":84.375000,"lat":-23.625000,"stroke":"#9aa0a6","stroke-width":1,"fill":"#9aa0a6","fill-opacity":0.06,"marker-color":"#9aa0a6"},"geometry":{"type":"Polygon","coordinates":[[[78.750000,-28.350000],[90.000000,-28.350000],[90.000000,-18.900000],[78.750000,-18.900000],[78.750000,-28.350000]]]}},
    {"type":"Feature","properties":{"name":"S3E9","label":"S3E9","text":"S3E9","region":"S3E9","covered":false,"maps":1,"map_bytes":22384,"profiles":"12","west":90.000000,"south":-28.350000,"east":101.250000,"north":-18.900000,"lon":95.625000,"lat":-23.625000,"stroke":"#9aa0a6","stroke-width":1,"fill":"#9aa0a6","fill-opacity":0.06,"marker-color":"#9aa0a6"},"geometry":{"type":"Polygon","coordinates":[[[90.000000,-28.350000],[101.250000,-28.350000],[101.250000,-18.900000],[90.000000,-18.900000],[90.000000,-28.350000]]]}},
    {"type":"Feature","properties":{"name":"S3W1","label":"S3W1","text":"S3W1","region":"S3W1","covered":false,"maps":1,"map_bytes":26820,"profiles":"12","west":-11.250000,"south":-28.350000,"east":0.000000,"north":-18.900000,"lon":-5.625000,"lat":-23.625000,"stroke":"#9aa0a6","stroke-width":1,"fill":"#9aa0a6","fill-opacity":0.06,"marker-color":"#9aa0a6"},"geometry":{"type":"Polygon","coordinates":[[[-11.250000,-28.350000],[0.000000,-28.350000],[0.000000,-18.900000],[-11.250000,-18.900000],[-11.250000,-28.350000]]]}},
    {"type":"Feature","properties":{"name":"S3W10","label":"S3W10","text":"S3W10","region":"S3W10","covered":false,"maps":1,"map_bytes":27320,"profiles":"12","west":-112.500000,"south":-28.350000,"east":-101.250000,"north":-18.900000,"lon":-106.875000,"lat":-23.625000,"stroke":"#9aa0a6","stroke-width":1,"fill":"#9aa0a6","fill-opacity":0.06,"marker-color":"#9aa0a6"},"geometry":{"type":"Polygon","coordinates":[[[-112.500000,-28.350000],[-101.250000,-28.350000],[-101.250000,-18.900000],[-112.500000,-18.900000],[-112.500000,-28.350000]]]}},
    {"type":"Feature","properties":{"name":"S3W11","label":"S3W11","text":"S3W11","region":"S3W11","covered":false,"maps":1,"map_bytes":30228,"profiles":"12","west":-123.750000,"south":-28.350000,"east":-112.500000,"north":-18.900000,"lon":-118.125000,"lat":-23.625000,"stroke":"#9aa0a6","stroke-width":1,"fill":"#9aa0a6","fill-opacity":0.06,"marker-color":"#9aa0a6"},"geometry":{"type":"Polygon","coordinates":[[[-123.750000,-28.350000],[-112.500000,-28.350000],[-112.500000,-18.900000],[-123.750000,-18.900000],[-123.750000,-28.350000]]]}},
    {"type":"Feature","properties":{"name":"S3W12","label":"S3W12","text":"S3W12","region":"S3W12","covered":false,"maps":1,"map_bytes":26068,"profiles":"12","west":-135.000000,"south":-28.350000,"east":-123.750000,"north":-18.900000,"lon":-129.375000,"lat":-23.625000,"stroke":"#9aa0a6","stroke-width":1,"fill":"#9aa0a6","fill-opacity":0.06,"marker-color":"#9aa0a6"},"geometry":{"type":"Polygon","coordinates":[[[-135.000000,-28.350000],[-123.750000,-28.350000],[-123.750000,-18.900000],[-135.000000,-18.900000],[-135.000000,-28.350000]]]}},
    {"type":"Feature","properties":{"name":"S3W13","label":"S3W13","text":"S3W13","region":"S3W13","covered":false,"maps":1,"map_bytes":28536,"profiles":"12","west":-146.250000,"south":-28.350000,"east":-135.000000,"north":-18.900000,"lon":-140.625000,"lat":-23.625000,"stroke":"#9aa0a6","stroke-width":1,"fill":"#9aa0a6","fill-opacity":0.06,"marker-color":"#9aa0a6"},"geometry":{"type":"Polygon","coordinates":[[[-146.250000,-28.350000],[-135.000000,-28.350000],[-135.000000,-18.900000],[-146.250000,-18.900000],[-146.250000,-28.350000]]]}},
    {"type":"Feature","properties":{"name":"S3W14","label":"S3W14","text":"S3W14","region":"S3W14","covered":false,"maps":1,"map_bytes":26292,"profiles":"12","west":-157.500000,"south":-28.350000,"east":-146.250000,"north":-18.900000,"lon":-151.875000,"lat":-23.625000,"stroke":"#9aa0a6","stroke-width":1,"fill":"#9aa0a6","fill-opacity":0.06,"marker-color":"#9aa0a6"},"geometry":{"type":"Polygon","coordinates":[[[-157.500000,-28.350000],[-146.250000,-28.350000],[-146.250000,-18.900000],[-157.500000,-18.900000],[-157.500000,-28.350000]]]}},
    {"type":"Feature","properties":{"name":"S3W15","label":"S3W15","text":"S3W15","region":"S3W15","covered":false,"maps":1,"map_bytes":26308,"profiles":"12","west":-168.750000,"south":-28.350000,"east":-157.500000,"north":-18.900000,"lon":-163.125000,"lat":-23.625000,"stroke":"#9aa0a6","stroke-width":1,"fill":"#9aa0a6","fill-opacity":0.06,"marker-color":"#9aa0a6"},"geometry":{"type":"Polygon","coordinates":[[[-168.750000,-28.350000],[-157.500000,-28.350000],[-157.500000,-18.900000],[-168.750000,-18.900000],[-168.750000,-28.350000]]]}},
    {"type":"Feature","properties":{"name":"S3W16","label":"S3W16","text":"S3W16","region":"S3W16","covered":false,"maps":1,"map_bytes":29352,"profiles":"12","west":-180.000000,"south":-28.350000,"east":-168.750000,"north":-18.900000,"lon":-174.375000,"lat":-23.625000,"stroke":"#9aa0a6","stroke-width":1,"fill":"#9aa0a6","fill-opacity":0.06,"marker-color":"#9aa0a6"},"geometry":{"type":"Polygon","coordinates":[[[-180.000000,-28.350000],[-168.750000,-28.350000],[-168.750000,-18.900000],[-180.000000,-18.900000],[-180.000000,-28.350000]]]}},
    {"type":"Feature","properties":{"name":"S3W2","label":"S3W2","text":"S3W2","region":"S3W2","covered":false,"maps":1,"map_bytes":32040,"profiles":"12","west":-22.500000,"south":-28.350000,"east":-11.250000,"north":-18.900000,"lon":-16.875000,"lat":-23.625000,"stroke":"#9aa0a6","stroke-width":1,"fill":"#9aa0a6","fill-opacity":0.06,"marker-color":"#9aa0a6"},"geometry":{"type":"Polygon","coordinates":[[[-22.500000,-28.350000],[-11.250000,-28.350000],[-11.250000,-18.900000],[-22.500000,-18.900000],[-22.500000,-28.350000]]]}},
    {"type":"Feature","properties":{"name":"S3W3","label":"S3W3","text":"S3W3","region":"S3W3","covered":false,"maps":1,"map_bytes":26716,"profiles":"12","west":-33.750000,"south":-28.350000,"east":-22.500000,"north":-18.900000,"lon":-28.125000,"lat":-23.625000,"stroke":"#9aa0a6","stroke-width":1,"fill":"#9aa0a6","fill-opacity":0.06,"marker-color":"#9aa0a6"},"geometry":{"type":"Polygon","coordinates":[[[-33.750000,-28.350000],[-22.500000,-28.350000],[-22.500000,-18.900000],[-33.750000,-18.900000],[-33.750000,-28.350000]]]}},
    {"type":"Feature","properties":{"name":"S3W4","label":"S3W4","text":"S3W4","region":"S3W4","covered":false,"maps":1,"map_bytes":42116,"profiles":"12","west":-45.000000,"south":-28.350000,"east":-33.750000,"north":-18.900000,"lon":-39.375000,"lat":-23.625000,"stroke":"#9aa0a6","stroke-width":1,"fill":"#9aa0a6","fill-opacity":0.06,"marker-color":"#9aa0a6"},"geometry":{"type":"Polygon","coordinates":[[[-45.000000,-28.350000],[-33.750000,-28.350000],[-33.750000,-18.900000],[-45.000000,-18.900000],[-45.000000,-28.350000]]]}},
    {"type":"Feature","properties":{"name":"S3W5","label":"S3W5","text":"S3W5","region":"S3W5","covered":false,"maps":1,"map_bytes":90052,"profiles":"12","west":-56.250000,"south":-28.350000,"east":-45.000000,"north":-18.900000,"lon":-50.625000,"lat":-23.625000,"stroke":"#9aa0a6","stroke-width":1,"fill":"#9aa0a6","fill-opacity":0.06,"marker-color":"#9aa0a6"},"geometry":{"type":"Polygon","coordinates":[[[-56.250000,-28.350000],[-45.000000,-28.350000],[-45.000000,-18.900000],[-56.250000,-18.900000],[-56.250000,-28.350000]]]}},
    {"type":"Feature","properties":{"name":"S3W6","label":"S3W6","text":"S3W6","region":"S3W6","covered":false,"maps":1,"map_bytes":27940,"profiles":"12","west":-67.500000,"south":-28.350000,"east":-56.250000,"north":-18.900000,"lon":-61.875000,"lat":-23.625000,"stroke":"#9aa0a6","stroke-width":1,"fill":"#9aa0a6","fill-opacity":0.06,"marker-color":"#9aa0a6"},"geometry":{"type":"Polygon","coordinates":[[[-67.500000,-28.350000],[-56.250000,-28.350000],[-56.250000,-18.900000],[-67.500000,-18.900000],[-67.500000,-28.350000]]]}},
    {"type":"Feature","properties":{"name":"S3W7","label":"S3W7","text":"S3W7","region":"S3W7","covered":false,"maps":1,"map_bytes":49428,"profiles":"12","west":-78.750000,"south":-28.350000,"east":-67.500000,"north":-18.900000,"lon":-73.125000,"lat":-23.625000,"stroke":"#9aa0a6","stroke-width":1,"fill":"#9aa0a6","fill-opacity":0.06,"marker-color":"#9aa0a6"},"geometry":{"type":"Polygon","coordinates":[[[-78.750000,-28.350000],[-67.500000,-28.350000],[-67.500000,-18.900000],[-78.750000,-18.900000],[-78.750000,-28.350000]]]}},
    {"type":"Feature","properties":{"name":"S3W8","label":"S3W8","text":"S3W8","region":"S3W8","covered":false,"maps":1,"map_bytes":25156,"profiles":"12","west":-90.000000,"south":-28.350000,"east":-78.750000,"north":-18.900000,"lon":-84.375000,"lat":-23.625000,"stroke":"#9aa0a6","stroke-width":1,"fill":"#9aa0a6","fill-opacity":0.06,"marker-color":"#9aa0a6"},"geometry":{"type":"Polygon","coordinates":[[[-90.000000,-28.350000],[-78.750000,-28.350000],[-78.750000,-18.900000],[-90.000000,-18.900000],[-90.000000,-28.350000]]]}},
    {"type":"Feature","properties":{"name":"S3W9","label":"S3W9","text":"S3W9","region":"S3W9","covered":false,"maps":1,"map_bytes":25160,"profiles":"12","west":-101.250000,"south":-28.350000,"east":-90.000000,"north":-18.900000,"lon":-95.625000,"lat":-23.625000,"stroke":"#9aa0a6","stroke-width":1,"fill":"#9aa0a6","fill-opacity":0.06,"marker-color":"#9aa0a6"},"geometry":{"type":"Polygon","coordinates":[[[-101.250000,-28.350000],[-90.000000,-28.350000],[-90.000000,-18.900000],[-101.250000,-18.900000],[-101.250000,-28.350000]]]}},
    {"type":"Feature","properties":{"name":"S4E1","label":"S4E1","text":"S4E1","region":"S4E1","covered":false,"maps":1,"map_bytes":33028,"profiles":"12","west":0.000000,"south":-37.800000,"east":12.000000,"north":-28.350000,"lon":6.000000,"lat":-33.075000,"stroke":"#9aa0a6","stroke-width":1,"fill":"#9aa0a6","fill-opacity":0.06,"marker-color":"#9aa0a6"},"geometry":{"type":"Polygon","coordinates":[[[0.000000,-37.800000],[12.000000,-37.800000],[12.000000,-28.350000],[0.000000,-28.350000],[0.000000,-37.800000]]]}},
    {"type":"Feature","properties":{"name":"S4E10","label":"S4E10","text":"S4E10","region":"S4E10","covered":false,"maps":1,"map_bytes":22936,"profiles":"12","west":108.000000,"south":-37.800000,"east":120.000000,"north":-28.350000,"lon":114.000000,"lat":-33.075000,"stroke":"#9aa0a6","stroke-width":1,"fill":"#9aa0a6","fill-opacity":0.06,"marker-color":"#9aa0a6"},"geometry":{"type":"Polygon","coordinates":[[[108.000000,-37.800000],[120.000000,-37.800000],[120.000000,-28.350000],[108.000000,-28.350000],[108.000000,-37.800000]]]}},
    {"type":"Feature","properties":{"name":"S4E11","label":"S4E11","text":"S4E11","region":"S4E11","covered":false,"maps":1,"map_bytes":24072,"profiles":"12","west":120.000000,"south":-37.800000,"east":132.000000,"north":-28.350000,"lon":126.000000,"lat":-33.075000,"stroke":"#9aa0a6","stroke-width":1,"fill":"#9aa0a6","fill-opacity":0.06,"marker-color":"#9aa0a6"},"geometry":{"type":"Polygon","coordinates":[[[120.000000,-37.800000],[132.000000,-37.800000],[132.000000,-28.350000],[120.000000,-28.350000],[120.000000,-37.800000]]]}},
    {"type":"Feature","properties":{"name":"S4E12","label":"S4E12","text":"S4E12","region":"S4E12","covered":false,"maps":1,"map_bytes":52736,"profiles":"12","west":132.000000,"south":-37.800000,"east":143.999999,"north":-28.350000,"lon":137.999999,"lat":-33.075000,"stroke":"#9aa0a6","stroke-width":1,"fill":"#9aa0a6","fill-opacity":0.06,"marker-color":"#9aa0a6"},"geometry":{"type":"Polygon","coordinates":[[[132.000000,-37.800000],[143.999999,-37.800000],[143.999999,-28.350000],[132.000000,-28.350000],[132.000000,-37.800000]]]}},
    {"type":"Feature","properties":{"name":"S4E13","label":"S4E13","text":"S4E13","region":"S4E13","covered":false,"maps":1,"map_bytes":16664,"profiles":"12","west":143.999999,"south":-37.800000,"east":155.999999,"north":-28.350000,"lon":149.999999,"lat":-33.075000,"stroke":"#9aa0a6","stroke-width":1,"fill":"#9aa0a6","fill-opacity":0.06,"marker-color":"#9aa0a6"},"geometry":{"type":"Polygon","coordinates":[[[143.999999,-37.800000],[155.999999,-37.800000],[155.999999,-28.350000],[143.999999,-28.350000],[143.999999,-37.800000]]]}},
    {"type":"Feature","properties":{"name":"S4E14","label":"S4E14","text":"S4E14","region":"S4E14","covered":false,"maps":1,"map_bytes":24240,"profiles":"12","west":155.999999,"south":-37.800000,"east":167.999999,"north":-28.350000,"lon":161.999999,"lat":-33.075000,"stroke":"#9aa0a6","stroke-width":1,"fill":"#9aa0a6","fill-opacity":0.06,"marker-color":"#9aa0a6"},"geometry":{"type":"Polygon","coordinates":[[[155.999999,-37.800000],[167.999999,-37.800000],[167.999999,-28.350000],[155.999999,-28.350000],[155.999999,-37.800000]]]}},
    {"type":"Feature","properties":{"name":"S4E15","label":"S4E15","text":"S4E15","region":"S4E15","covered":false,"maps":1,"map_bytes":61468,"profiles":"12","west":167.999999,"south":-37.800000,"east":179.999999,"north":-28.350000,"lon":173.999999,"lat":-33.075000,"stroke":"#9aa0a6","stroke-width":1,"fill":"#9aa0a6","fill-opacity":0.06,"marker-color":"#9aa0a6"},"geometry":{"type":"Polygon","coordinates":[[[167.999999,-37.800000],[179.999999,-37.800000],[179.999999,-28.350000],[167.999999,-28.350000],[167.999999,-37.800000]]]}},
    {"type":"Feature","properties":{"name":"S4E2","label":"S4E2","text":"S4E2","region":"S4E2","covered":false,"maps":1,"map_bytes":32032,"profiles":"12","west":12.000000,"south":-37.800000,"east":24.000000,"north":-28.350000,"lon":18.000000,"lat":-33.075000,"stroke":"#9aa0a6","stroke-width":1,"fill":"#9aa0a6","fill-opacity":0.06,"marker-color":"#9aa0a6"},"geometry":{"type":"Polygon","coordinates":[[[12.000000,-37.800000],[24.000000,-37.800000],[24.000000,-28.350000],[12.000000,-28.350000],[12.000000,-37.800000]]]}},
    {"type":"Feature","properties":{"name":"S4E3","label":"S4E3","text":"S4E3","region":"S4E3","covered":false,"maps":1,"map_bytes":39156,"profiles":"12","west":24.000000,"south":-37.800000,"east":36.000000,"north":-28.350000,"lon":30.000000,"lat":-33.075000,"stroke":"#9aa0a6","stroke-width":1,"fill":"#9aa0a6","fill-opacity":0.06,"marker-color":"#9aa0a6"},"geometry":{"type":"Polygon","coordinates":[[[24.000000,-37.800000],[36.000000,-37.800000],[36.000000,-28.350000],[24.000000,-28.350000],[24.000000,-37.800000]]]}},
    {"type":"Feature","properties":{"name":"S4E4","label":"S4E4","text":"S4E4","region":"S4E4","covered":false,"maps":1,"map_bytes":24768,"profiles":"12","west":36.000000,"south":-37.800000,"east":48.000000,"north":-28.350000,"lon":42.000000,"lat":-33.075000,"stroke":"#9aa0a6","stroke-width":1,"fill":"#9aa0a6","fill-opacity":0.06,"marker-color":"#9aa0a6"},"geometry":{"type":"Polygon","coordinates":[[[36.000000,-37.800000],[48.000000,-37.800000],[48.000000,-28.350000],[36.000000,-28.350000],[36.000000,-37.800000]]]}},
    {"type":"Feature","properties":{"name":"S4E5","label":"S4E5","text":"S4E5","region":"S4E5","covered":false,"maps":1,"map_bytes":22664,"profiles":"12","west":48.000000,"south":-37.800000,"east":60.000000,"north":-28.350000,"lon":54.000000,"lat":-33.075000,"stroke":"#9aa0a6","stroke-width":1,"fill":"#9aa0a6","fill-opacity":0.06,"marker-color":"#9aa0a6"},"geometry":{"type":"Polygon","coordinates":[[[48.000000,-37.800000],[60.000000,-37.800000],[60.000000,-28.350000],[48.000000,-28.350000],[48.000000,-37.800000]]]}},
    {"type":"Feature","properties":{"name":"S4E6","label":"S4E6","text":"S4E6","region":"S4E6","covered":false,"maps":1,"map_bytes":20952,"profiles":"12","west":60.000000,"south":-37.800000,"east":72.000000,"north":-28.350000,"lon":66.000000,"lat":-33.075000,"stroke":"#9aa0a6","stroke-width":1,"fill":"#9aa0a6","fill-opacity":0.06,"marker-color":"#9aa0a6"},"geometry":{"type":"Polygon","coordinates":[[[60.000000,-37.800000],[72.000000,-37.800000],[72.000000,-28.350000],[60.000000,-28.350000],[60.000000,-37.800000]]]}},
    {"type":"Feature","properties":{"name":"S4E7","label":"S4E7","text":"S4E7","region":"S4E7","covered":false,"maps":1,"map_bytes":19116,"profiles":"12","west":72.000000,"south":-37.800000,"east":84.000000,"north":-28.350000,"lon":78.000000,"lat":-33.075000,"stroke":"#9aa0a6","stroke-width":1,"fill":"#9aa0a6","fill-opacity":0.06,"marker-color":"#9aa0a6"},"geometry":{"type":"Polygon","coordinates":[[[72.000000,-37.800000],[84.000000,-37.800000],[84.000000,-28.350000],[72.000000,-28.350000],[72.000000,-37.800000]]]}},
    {"type":"Feature","properties":{"name":"S4E8","label":"S4E8","text":"S4E8","region":"S4E8","covered":false,"maps":1,"map_bytes":19116,"profiles":"12","west":84.000000,"south":-37.800000,"east":96.000000,"north":-28.350000,"lon":90.000000,"lat":-33.075000,"stroke":"#9aa0a6","stroke-width":1,"fill":"#9aa0a6","fill-opacity":0.06,"marker-color":"#9aa0a6"},"geometry":{"type":"Polygon","coordinates":[[[84.000000,-37.800000],[96.000000,-37.800000],[96.000000,-28.350000],[84.000000,-28.350000],[84.000000,-37.800000]]]}},
    {"type":"Feature","properties":{"name":"S4E9","label":"S4E9","text":"S4E9","region":"S4E9","covered":false,"maps":1,"map_bytes":20756,"profiles":"12","west":96.000000,"south":-37.800000,"east":108.000000,"north":-28.350000,"lon":102.000000,"lat":-33.075000,"stroke":"#9aa0a6","stroke-width":1,"fill":"#9aa0a6","fill-opacity":0.06,"marker-color":"#9aa0a6"},"geometry":{"type":"Polygon","coordinates":[[[96.000000,-37.800000],[108.000000,-37.800000],[108.000000,-28.350000],[96.000000,-28.350000],[96.000000,-37.800000]]]}},
    {"type":"Feature","properties":{"name":"S4W1","label":"S4W1","text":"S4W1","region":"S4W1","covered":false,"maps":1,"map_bytes":26708,"profiles":"12","west":-12.000000,"south":-37.800000,"east":0.000000,"north":-28.350000,"lon":-6.000000,"lat":-33.075000,"stroke":"#9aa0a6","stroke-width":1,"fill":"#9aa0a6","fill-opacity":0.06,"marker-color":"#9aa0a6"},"geometry":{"type":"Polygon","coordinates":[[[-12.000000,-37.800000],[0.000000,-37.800000],[0.000000,-28.350000],[-12.000000,-28.350000],[-12.000000,-37.800000]]]}},
    {"type":"Feature","properties":{"name":"S4W10","label":"S4W10","text":"S4W10","region":"S4W10","covered":false,"maps":1,"map_bytes":30220,"profiles":"12","west":-120.000000,"south":-37.800000,"east":-108.000000,"north":-28.350000,"lon":-114.000000,"lat":-33.075000,"stroke":"#9aa0a6","stroke-width":1,"fill":"#9aa0a6","fill-opacity":0.06,"marker-color":"#9aa0a6"},"geometry":{"type":"Polygon","coordinates":[[[-120.000000,-37.800000],[-108.000000,-37.800000],[-108.000000,-28.350000],[-120.000000,-28.350000],[-120.000000,-37.800000]]]}},
    {"type":"Feature","properties":{"name":"S4W11","label":"S4W11","text":"S4W11","region":"S4W11","covered":false,"maps":1,"map_bytes":25356,"profiles":"12","west":-132.000000,"south":-37.800000,"east":-120.000000,"north":-28.350000,"lon":-126.000000,"lat":-33.075000,"stroke":"#9aa0a6","stroke-width":1,"fill":"#9aa0a6","fill-opacity":0.06,"marker-color":"#9aa0a6"},"geometry":{"type":"Polygon","coordinates":[[[-132.000000,-37.800000],[-120.000000,-37.800000],[-120.000000,-28.350000],[-132.000000,-28.350000],[-132.000000,-37.800000]]]}},
    {"type":"Feature","properties":{"name":"S4W12","label":"S4W12","text":"S4W12","region":"S4W12","covered":false,"maps":1,"map_bytes":25360,"profiles":"12","west":-143.999999,"south":-37.800000,"east":-132.000000,"north":-28.350000,"lon":-137.999999,"lat":-33.075000,"stroke":"#9aa0a6","stroke-width":1,"fill":"#9aa0a6","fill-opacity":0.06,"marker-color":"#9aa0a6"},"geometry":{"type":"Polygon","coordinates":[[[-143.999999,-37.800000],[-132.000000,-37.800000],[-132.000000,-28.350000],[-143.999999,-28.350000],[-143.999999,-37.800000]]]}},
    {"type":"Feature","properties":{"name":"S4W13","label":"S4W13","text":"S4W13","region":"S4W13","covered":false,"maps":1,"map_bytes":25356,"profiles":"12","west":-155.999999,"south":-37.800000,"east":-143.999999,"north":-28.350000,"lon":-149.999999,"lat":-33.075000,"stroke":"#9aa0a6","stroke-width":1,"fill":"#9aa0a6","fill-opacity":0.06,"marker-color":"#9aa0a6"},"geometry":{"type":"Polygon","coordinates":[[[-155.999999,-37.800000],[-143.999999,-37.800000],[-143.999999,-28.350000],[-155.999999,-28.350000],[-155.999999,-37.800000]]]}},
    {"type":"Feature","properties":{"name":"S4W14","label":"S4W14","text":"S4W14","region":"S4W14","covered":false,"maps":1,"map_bytes":25356,"profiles":"12","west":-167.999999,"south":-37.800000,"east":-155.999999,"north":-28.350000,"lon":-161.999999,"lat":-33.075000,"stroke":"#9aa0a6","stroke-width":1,"fill":"#9aa0a6","fill-opacity":0.06,"marker-color":"#9aa0a6"},"geometry":{"type":"Polygon","coordinates":[[[-167.999999,-37.800000],[-155.999999,-37.800000],[-155.999999,-28.350000],[-167.999999,-28.350000],[-167.999999,-37.800000]]]}},
    {"type":"Feature","properties":{"name":"S4W15","label":"S4W15","text":"S4W15","region":"S4W15","covered":false,"maps":1,"map_bytes":25284,"profiles":"12","west":-179.999999,"south":-37.800000,"east":-167.999999,"north":-28.350000,"lon":-173.999999,"lat":-33.075000,"stroke":"#9aa0a6","stroke-width":1,"fill":"#9aa0a6","fill-opacity":0.06,"marker-color":"#9aa0a6"},"geometry":{"type":"Polygon","coordinates":[[[-179.999999,-37.800000],[-167.999999,-37.800000],[-167.999999,-28.350000],[-179.999999,-28.350000],[-179.999999,-37.800000]]]}},
    {"type":"Feature","properties":{"name":"S4W2","label":"S4W2","text":"S4W2","region":"S4W2","covered":false,"maps":1,"map_bytes":31920,"profiles":"12","west":-24.000000,"south":-37.800000,"east":-12.000000,"north":-28.350000,"lon":-18.000000,"lat":-33.075000,"stroke":"#9aa0a6","stroke-width":1,"fill":"#9aa0a6","fill-opacity":0.06,"marker-color":"#9aa0a6"},"geometry":{"type":"Polygon","coordinates":[[[-24.000000,-37.800000],[-12.000000,-37.800000],[-12.000000,-28.350000],[-24.000000,-28.350000],[-24.000000,-37.800000]]]}},
    {"type":"Feature","properties":{"name":"S4W3","label":"S4W3","text":"S4W3","region":"S4W3","covered":false,"maps":1,"map_bytes":26608,"profiles":"12","west":-36.000000,"south":-37.800000,"east":-24.000000,"north":-28.350000,"lon":-30.000000,"lat":-33.075000,"stroke":"#9aa0a6","stroke-width":1,"fill":"#9aa0a6","fill-opacity":0.06,"marker-color":"#9aa0a6"},"geometry":{"type":"Polygon","coordinates":[[[-36.000000,-37.800000],[-24.000000,-37.800000],[-24.000000,-28.350000],[-36.000000,-28.350000],[-36.000000,-37.800000]]]}},
    {"type":"Feature","properties":{"name":"S4W4","label":"S4W4","text":"S4W4","region":"S4W4","covered":false,"maps":1,"map_bytes":27748,"profiles":"12","west":-48.000000,"south":-37.800000,"east":-36.000000,"north":-28.350000,"lon":-42.000000,"lat":-33.075000,"stroke":"#9aa0a6","stroke-width":1,"fill":"#9aa0a6","fill-opacity":0.06,"marker-color":"#9aa0a6"},"geometry":{"type":"Polygon","coordinates":[[[-48.000000,-37.800000],[-36.000000,-37.800000],[-36.000000,-28.350000],[-48.000000,-28.350000],[-48.000000,-37.800000]]]}},
    {"type":"Feature","properties":{"name":"S4W5","label":"S4W5","text":"S4W5","region":"S4W5","covered":false,"maps":1,"map_bytes":61700,"profiles":"12","west":-60.000000,"south":-37.800000,"east":-48.000000,"north":-28.350000,"lon":-54.000000,"lat":-33.075000,"stroke":"#9aa0a6","stroke-width":1,"fill":"#9aa0a6","fill-opacity":0.06,"marker-color":"#9aa0a6"},"geometry":{"type":"Polygon","coordinates":[[[-60.000000,-37.800000],[-48.000000,-37.800000],[-48.000000,-28.350000],[-60.000000,-28.350000],[-60.000000,-37.800000]]]}},
    {"type":"Feature","properties":{"name":"S4W6","label":"S4W6","text":"S4W6","region":"S4W6","covered":false,"maps":1,"map_bytes":41696,"profiles":"12","west":-72.000000,"south":-37.800000,"east":-60.000000,"north":-28.350000,"lon":-66.000000,"lat":-33.075000,"stroke":"#9aa0a6","stroke-width":1,"fill":"#9aa0a6","fill-opacity":0.06,"marker-color":"#9aa0a6"},"geometry":{"type":"Polygon","coordinates":[[[-72.000000,-37.800000],[-60.000000,-37.800000],[-60.000000,-28.350000],[-72.000000,-28.350000],[-72.000000,-37.800000]]]}},
    {"type":"Feature","properties":{"name":"S4W7","label":"S4W7","text":"S4W7","region":"S4W7","covered":false,"maps":1,"map_bytes":28016,"profiles":"12","west":-84.000000,"south":-37.800000,"east":-72.000000,"north":-28.350000,"lon":-78.000000,"lat":-33.075000,"stroke":"#9aa0a6","stroke-width":1,"fill":"#9aa0a6","fill-opacity":0.06,"marker-color":"#9aa0a6"},"geometry":{"type":"Polygon","coordinates":[[[-84.000000,-37.800000],[-72.000000,-37.800000],[-72.000000,-28.350000],[-84.000000,-28.350000],[-84.000000,-37.800000]]]}},
    {"type":"Feature","properties":{"name":"S4W8","label":"S4W8","text":"S4W8","region":"S4W8","covered":false,"maps":1,"map_bytes":25048,"profiles":"12","west":-96.000000,"south":-37.800000,"east":-84.000000,"north":-28.350000,"lon":-90.000000,"lat":-33.075000,"stroke":"#9aa0a6","stroke-width":1,"fill":"#9aa0a6","fill-opacity":0.06,"marker-color":"#9aa0a6"},"geometry":{"type":"Polygon","coordinates":[[[-96.000000,-37.800000],[-84.000000,-37.800000],[-84.000000,-28.350000],[-96.000000,-28.350000],[-96.000000,-37.800000]]]}},
    {"type":"Feature","properties":{"name":"S4W9","label":"S4W9","text":"S4W9","region":"S4W9","covered":false,"maps":1,"map_bytes":25104,"profiles":"12","west":-108.000000,"south":-37.800000,"east":-96.000000,"north":-28.350000,"lon":-102.000000,"lat":-33.075000,"stroke":"#9aa0a6","stroke-width":1,"fill":"#9aa0a6","fill-opacity":0.06,"marker-color":"#9aa0a6"},"geometry":{"type":"Polygon","coordinates":[[[-108.000000,-37.800000],[-96.000000,-37.800000],[-96.000000,-28.350000],[-108.000000,-28.350000],[-108.000000,-37.800000]]]}},
    {"type":"Feature","properties":{"name":"S5E1","label":"S5E1","text":"S5E1","region":"S5E1","covered":false,"maps":1,"map_bytes":27060,"profiles":"12","west":0.000000,"south":-47.250000,"east":15.000000,"north":-37.800000,"lon":7.500000,"lat":-42.525000,"stroke":"#9aa0a6","stroke-width":1,"fill":"#9aa0a6","fill-opacity":0.06,"marker-color":"#9aa0a6"},"geometry":{"type":"Polygon","coordinates":[[[0.000000,-47.250000],[15.000000,-47.250000],[15.000000,-37.800000],[0.000000,-37.800000],[0.000000,-47.250000]]]}},
    {"type":"Feature","properties":{"name":"S5E10","label":"S5E10","text":"S5E10","region":"S5E10","covered":false,"maps":1,"map_bytes":56108,"profiles":"12","west":134.999999,"south":-47.250000,"east":149.999999,"north":-37.800000,"lon":142.499999,"lat":-42.525000,"stroke":"#9aa0a6","stroke-width":1,"fill":"#9aa0a6","fill-opacity":0.06,"marker-color":"#9aa0a6"},"geometry":{"type":"Polygon","coordinates":[[[134.999999,-47.250000],[149.999999,-47.250000],[149.999999,-37.800000],[134.999999,-37.800000],[134.999999,-47.250000]]]}},
    {"type":"Feature","properties":{"name":"S5E11","label":"S5E11","text":"S5E11","region":"S5E11","covered":false,"maps":1,"map_bytes":21140,"profiles":"12","west":149.999999,"south":-47.250000,"east":164.999999,"north":-37.800000,"lon":157.499999,"lat":-42.525000,"stroke":"#9aa0a6","stroke-width":1,"fill":"#9aa0a6","fill-opacity":0.06,"marker-color":"#9aa0a6"},"geometry":{"type":"Polygon","coordinates":[[[149.999999,-47.250000],[164.999999,-47.250000],[164.999999,-37.800000],[149.999999,-37.800000],[149.999999,-47.250000]]]}},
    {"type":"Feature","properties":{"name":"S5E12","label":"S5E12","text":"S5E12","region":"S5E12","covered":false,"maps":1,"map_bytes":76004,"profiles":"12","west":164.999999,"south":-47.250000,"east":179.999999,"north":-37.800000,"lon":172.499999,"lat":-42.525000,"stroke":"#9aa0a6","stroke-width":1,"fill":"#9aa0a6","fill-opacity":0.06,"marker-color":"#9aa0a6"},"geometry":{"type":"Polygon","coordinates":[[[164.999999,-47.250000],[179.999999,-47.250000],[179.999999,-37.800000],[164.999999,-37.800000],[164.999999,-47.250000]]]}},
    {"type":"Feature","properties":{"name":"S5E2","label":"S5E2","text":"S5E2","region":"S5E2","covered":false,"maps":1,"map_bytes":29204,"profiles":"12","west":15.000000,"south":-47.250000,"east":30.000000,"north":-37.800000,"lon":22.500000,"lat":-42.525000,"stroke":"#9aa0a6","stroke-width":1,"fill":"#9aa0a6","fill-opacity":0.06,"marker-color":"#9aa0a6"},"geometry":{"type":"Polygon","coordinates":[[[15.000000,-47.250000],[30.000000,-47.250000],[30.000000,-37.800000],[15.000000,-37.800000],[15.000000,-47.250000]]]}},
    {"type":"Feature","properties":{"name":"S5E3","label":"S5E3","text":"S5E3","region":"S5E3","covered":false,"maps":1,"map_bytes":24956,"profiles":"12","west":30.000000,"south":-47.250000,"east":45.000000,"north":-37.800000,"lon":37.500000,"lat":-42.525000,"stroke":"#9aa0a6","stroke-width":1,"fill":"#9aa0a6","fill-opacity":0.06,"marker-color":"#9aa0a6"},"geometry":{"type":"Polygon","coordinates":[[[30.000000,-47.250000],[45.000000,-47.250000],[45.000000,-37.800000],[30.000000,-37.800000],[30.000000,-47.250000]]]}},
    {"type":"Feature","properties":{"name":"S5E4","label":"S5E4","text":"S5E4","region":"S5E4","covered":false,"maps":1,"map_bytes":19468,"profiles":"12","west":45.000000,"south":-47.250000,"east":60.000000,"north":-37.800000,"lon":52.500000,"lat":-42.525000,"stroke":"#9aa0a6","stroke-width":1,"fill":"#9aa0a6","fill-opacity":0.06,"marker-color":"#9aa0a6"},"geometry":{"type":"Polygon","coordinates":[[[45.000000,-47.250000],[60.000000,-47.250000],[60.000000,-37.800000],[45.000000,-37.800000],[45.000000,-47.250000]]]}},
    {"type":"Feature","properties":{"name":"S5E5","label":"S5E5","text":"S5E5","region":"S5E5","covered":false,"maps":1,"map_bytes":19548,"profiles":"12","west":60.000000,"south":-47.250000,"east":75.000000,"north":-37.800000,"lon":67.500000,"lat":-42.525000,"stroke":"#9aa0a6","stroke-width":1,"fill":"#9aa0a6","fill-opacity":0.06,"marker-color":"#9aa0a6"},"geometry":{"type":"Polygon","coordinates":[[[60.000000,-47.250000],[75.000000,-47.250000],[75.000000,-37.800000],[60.000000,-37.800000],[60.000000,-47.250000]]]}},
    {"type":"Feature","properties":{"name":"S5E6","label":"S5E6","text":"S5E6","region":"S5E6","covered":false,"maps":1,"map_bytes":19548,"profiles":"12","west":75.000000,"south":-47.250000,"east":90.000000,"north":-37.800000,"lon":82.500000,"lat":-42.525000,"stroke":"#9aa0a6","stroke-width":1,"fill":"#9aa0a6","fill-opacity":0.06,"marker-color":"#9aa0a6"},"geometry":{"type":"Polygon","coordinates":[[[75.000000,-47.250000],[90.000000,-47.250000],[90.000000,-37.800000],[75.000000,-37.800000],[75.000000,-47.250000]]]}},
    {"type":"Feature","properties":{"name":"S5E7","label":"S5E7","text":"S5E7","region":"S5E7","covered":false,"maps":1,"map_bytes":19468,"profiles":"12","west":90.000000,"south":-47.250000,"east":105.000000,"north":-37.800000,"lon":97.500000,"lat":-42.525000,"stroke":"#9aa0a6","stroke-width":1,"fill":"#9aa0a6","fill-opacity":0.06,"marker-color":"#9aa0a6"},"geometry":{"type":"Polygon","coordinates":[[[90.000000,-47.250000],[105.000000,-47.250000],[105.000000,-37.800000],[90.000000,-37.800000],[90.000000,-47.250000]]]}},
    {"type":"Feature","properties":{"name":"S5E8","label":"S5E8","text":"S5E8","region":"S5E8","covered":false,"maps":1,"map_bytes":22760,"profiles":"12","west":105.000000,"south":-47.250000,"east":120.000000,"north":-37.800000,"lon":112.500000,"lat":-42.525000,"stroke":"#9aa0a6","stroke-width":1,"fill":"#9aa0a6","fill-opacity":0.06,"marker-color":"#9aa0a6"},"geometry":{"type":"Polygon","coordinates":[[[105.000000,-47.250000],[120.000000,-47.250000],[120.000000,-37.800000],[105.000000,-37.800000],[105.000000,-47.250000]]]}},
    {"type":"Feature","properties":{"name":"S5E9","label":"S5E9","text":"S5E9","region":"S5E9","covered":false,"maps":1,"map_bytes":26764,"profiles":"12","west":120.000000,"south":-47.250000,"east":134.999999,"north":-37.800000,"lon":127.500000,"lat":-42.525000,"stroke":"#9aa0a6","stroke-width":1,"fill":"#9aa0a6","fill-opacity":0.06,"marker-color":"#9aa0a6"},"geometry":{"type":"Polygon","coordinates":[[[120.000000,-47.250000],[134.999999,-47.250000],[134.999999,-37.800000],[120.000000,-37.800000],[120.000000,-47.250000]]]}},
    {"type":"Feature","properties":{"name":"S5W1","label":"S5W1","text":"S5W1","region":"S5W1","covered":false,"maps":1,"map_bytes":27140,"profiles":"12","west":-15.000000,"south":-47.250000,"east":0.000000,"north":-37.800000,"lon":-7.500000,"lat":-42.525000,"stroke":"#9aa0a6","stroke-width":1,"fill":"#9aa0a6","fill-opacity":0.06,"marker-color":"#9aa0a6"},"geometry":{"type":"Polygon","coordinates":[[[-15.000000,-47.250000],[0.000000,-47.250000],[0.000000,-37.800000],[-15.000000,-37.800000],[-15.000000,-47.250000]]]}},
    {"type":"Feature","properties":{"name":"S5W10","label":"S5W10","text":"S5W10","region":"S5W10","covered":false,"maps":1,"map_bytes":25792,"profiles":"12","west":-149.999999,"south":-47.250000,"east":-134.999999,"north":-37.800000,"lon":-142.499999,"lat":-42.525000,"stroke":"#9aa0a6","stroke-width":1,"fill":"#9aa0a6","fill-opacity":0.06,"marker-color":"#9aa0a6"},"geometry":{"type":"Polygon","coordinates":[[[-149.999999,-47.250000],[-134.999999,-47.250000],[-134.999999,-37.800000],[-149.999999,-37.800000],[-149.999999,-47.250000]]]}},
    {"type":"Feature","properties":{"name":"S5W11","label":"S5W11","text":"S5W11","region":"S5W11","covered":false,"maps":1,"map_bytes":25788,"profiles":"12","west":-164.999999,"south":-47.250000,"east":-149.999999,"north":-37.800000,"lon":-157.499999,"lat":-42.525000,"stroke":"#9aa0a6","stroke-width":1,"fill":"#9aa0a6","fill-opacity":0.06,"marker-color":"#9aa0a6"},"geometry":{"type":"Polygon","coordinates":[[[-164.999999,-47.250000],[-149.999999,-47.250000],[-149.999999,-37.800000],[-164.999999,-37.800000],[-164.999999,-47.250000]]]}},
    {"type":"Feature","properties":{"name":"S5W12","label":"S5W12","text":"S5W12","region":"S5W12","covered":false,"maps":1,"map_bytes":25712,"profiles":"12","west":-179.999999,"south":-47.250000,"east":-164.999999,"north":-37.800000,"lon":-172.499999,"lat":-42.525000,"stroke":"#9aa0a6","stroke-width":1,"fill":"#9aa0a6","fill-opacity":0.06,"marker-color":"#9aa0a6"},"geometry":{"type":"Polygon","coordinates":[[[-179.999999,-47.250000],[-164.999999,-47.250000],[-164.999999,-37.800000],[-179.999999,-37.800000],[-179.999999,-47.250000]]]}},
    {"type":"Feature","properties":{"name":"S5W2","label":"S5W2","text":"S5W2","region":"S5W2","covered":false,"maps":1,"map_bytes":28020,"profiles":"12","west":-30.000000,"south":-47.250000,"east":-15.000000,"north":-37.800000,"lon":-22.500000,"lat":-42.525000,"stroke":"#9aa0a6","stroke-width":1,"fill":"#9aa0a6","fill-opacity":0.06,"marker-color":"#9aa0a6"},"geometry":{"type":"Polygon","coordinates":[[[-30.000000,-47.250000],[-15.000000,-47.250000],[-15.000000,-37.800000],[-30.000000,-37.800000],[-30.000000,-47.250000]]]}},
    {"type":"Feature","properties":{"name":"S5W3","label":"S5W3","text":"S5W3","region":"S5W3","covered":false,"maps":1,"map_bytes":26956,"profiles":"12","west":-45.000000,"south":-47.250000,"east":-30.000000,"north":-37.800000,"lon":-37.500000,"lat":-42.525000,"stroke":"#9aa0a6","stroke-width":1,"fill":"#9aa0a6","fill-opacity":0.06,"marker-color":"#9aa0a6"},"geometry":{"type":"Polygon","coordinates":[[[-45.000000,-47.250000],[-30.000000,-47.250000],[-30.000000,-37.800000],[-45.000000,-37.800000],[-45.000000,-47.250000]]]}},
    {"type":"Feature","properties":{"name":"S5W4","label":"S5W4","text":"S5W4","region":"S5W4","covered":false,"maps":1,"map_bytes":30776,"profiles":"12","west":-60.000000,"south":-47.250000,"east":-45.000000,"north":-37.800000,"lon":-52.500000,"lat":-42.525000,"stroke":"#9aa0a6","stroke-width":1,"fill":"#9aa0a6","fill-opacity":0.06,"marker-color":"#9aa0a6"},"geometry":{"type":"Polygon","coordinates":[[[-60.000000,-47.250000],[-45.000000,-47.250000],[-45.000000,-37.800000],[-60.000000,-37.800000],[-60.000000,-47.250000]]]}},
    {"type":"Feature","properties":{"name":"S5W5","label":"S5W5","text":"S5W5","region":"S5W5","covered":false,"maps":1,"map_bytes":167700,"profiles":"12","west":-75.000000,"south":-47.250000,"east":-60.000000,"north":-37.800000,"lon":-67.500000,"lat":-42.525000,"stroke":"#9aa0a6","stroke-width":1,"fill":"#9aa0a6","fill-opacity":0.06,"marker-color":"#9aa0a6"},"geometry":{"type":"Polygon","coordinates":[[[-75.000000,-47.250000],[-60.000000,-47.250000],[-60.000000,-37.800000],[-75.000000,-37.800000],[-75.000000,-47.250000]]]}},
    {"type":"Feature","properties":{"name":"S5W6","label":"S5W6","text":"S5W6","region":"S5W6","covered":false,"maps":1,"map_bytes":30740,"profiles":"12","west":-90.000000,"south":-47.250000,"east":-75.000000,"north":-37.800000,"lon":-82.500000,"lat":-42.525000,"stroke":"#9aa0a6","stroke-width":1,"fill":"#9aa0a6","fill-opacity":0.06,"marker-color":"#9aa0a6"},"geometry":{"type":"Polygon","coordinates":[[[-90.000000,-47.250000],[-75.000000,-47.250000],[-75.000000,-37.800000],[-90.000000,-37.800000],[-90.000000,-47.250000]]]}},
    {"type":"Feature","properties":{"name":"S5W7","label":"S5W7","text":"S5W7","region":"S5W7","covered":false,"maps":1,"map_bytes":25476,"profiles":"12","west":-105.000000,"south":-47.250000,"east":-90.000000,"north":-37.800000,"lon":-97.500000,"lat":-42.525000,"stroke":"#9aa0a6","stroke-width":1,"fill":"#9aa0a6","fill-opacity":0.06,"marker-color":"#9aa0a6"},"geometry":{"type":"Polygon","coordinates":[[[-105.000000,-47.250000],[-90.000000,-47.250000],[-90.000000,-37.800000],[-105.000000,-37.800000],[-105.000000,-47.250000]]]}},
    {"type":"Feature","properties":{"name":"S5W8","label":"S5W8","text":"S5W8","region":"S5W8","covered":false,"maps":1,"map_bytes":30564,"profiles":"12","west":-120.000000,"south":-47.250000,"east":-105.000000,"north":-37.800000,"lon":-112.500000,"lat":-42.525000,"stroke":"#9aa0a6","stroke-width":1,"fill":"#9aa0a6","fill-opacity":0.06,"marker-color":"#9aa0a6"},"geometry":{"type":"Polygon","coordinates":[[[-120.000000,-47.250000],[-105.000000,-47.250000],[-105.000000,-37.800000],[-120.000000,-37.800000],[-120.000000,-47.250000]]]}},
    {"type":"Feature","properties":{"name":"S5W9","label":"S5W9","text":"S5W9","region":"S5W9","covered":false,"maps":1,"map_bytes":25708,"profiles":"12","west":-134.999999,"south":-47.250000,"east":-120.000000,"north":-37.800000,"lon":-127.500000,"lat":-42.525000,"stroke":"#9aa0a6","stroke-width":1,"fill":"#9aa0a6","fill-opacity":0.06,"marker-color":"#9aa0a6"},"geometry":{"type":"Polygon","coordinates":[[[-134.999999,-47.250000],[-120.000000,-47.250000],[-120.000000,-37.800000],[-134.999999,-37.800000],[-134.999999,-47.250000]]]}},
    {"type":"Feature","properties":{"name":"S6E1","label":"S6E1","text":"S6E1","region":"S6E1","covered":false,"maps":1,"map_bytes":27068,"profiles":"12","west":0.000000,"south":-56.700000,"east":18.000000,"north":-47.250000,"lon":9.000000,"lat":-51.975000,"stroke":"#9aa0a6","stroke-width":1,"fill":"#9aa0a6","fill-opacity":0.06,"marker-color":"#9aa0a6"},"geometry":{"type":"Polygon","coordinates":[[[0.000000,-56.700000],[18.000000,-56.700000],[18.000000,-47.250000],[0.000000,-47.250000],[0.000000,-56.700000]]]}},
    {"type":"Feature","properties":{"name":"S6E10","label":"S6E10","text":"S6E10","region":"S6E10","covered":false,"maps":1,"map_bytes":30632,"profiles":"12","west":161.999999,"south":-56.700000,"east":179.999999,"north":-47.250000,"lon":170.999999,"lat":-51.975000,"stroke":"#9aa0a6","stroke-width":1,"fill":"#9aa0a6","fill-opacity":0.06,"marker-color":"#9aa0a6"},"geometry":{"type":"Polygon","coordinates":[[[161.999999,-56.700000],[179.999999,-56.700000],[179.999999,-47.250000],[161.999999,-47.250000],[161.999999,-56.700000]]]}},
    {"type":"Feature","properties":{"name":"S6E2","label":"S6E2","text":"S6E2","region":"S6E2","covered":false,"maps":1,"map_bytes":24924,"profiles":"12","west":18.000000,"south":-56.700000,"east":36.000000,"north":-47.250000,"lon":27.000000,"lat":-51.975000,"stroke":"#9aa0a6","stroke-width":1,"fill":"#9aa0a6","fill-opacity":0.06,"marker-color":"#9aa0a6"},"geometry":{"type":"Polygon","coordinates":[[[18.000000,-56.700000],[36.000000,-56.700000],[36.000000,-47.250000],[18.000000,-47.250000],[18.000000,-56.700000]]]}},
    {"type":"Feature","properties":{"name":"S6E3","label":"S6E3","text":"S6E3","region":"S6E3","covered":false,"maps":1,"map_bytes":19548,"profiles":"12","west":36.000000,"south":-56.700000,"east":54.000000,"north":-47.250000,"lon":45.000000,"lat":-51.975000,"stroke":"#9aa0a6","stroke-width":1,"fill":"#9aa0a6","fill-opacity":0.06,"marker-color":"#9aa0a6"},"geometry":{"type":"Polygon","coordinates":[[[36.000000,-56.700000],[54.000000,-56.700000],[54.000000,-47.250000],[36.000000,-47.250000],[36.000000,-56.700000]]]}},
    {"type":"Feature","properties":{"name":"S6E4","label":"S6E4","text":"S6E4","region":"S6E4","covered":false,"maps":1,"map_bytes":19548,"profiles":"12","west":54.000000,"south":-56.700000,"east":72.000000,"north":-47.250000,"lon":63.000000,"lat":-51.975000,"stroke":"#9aa0a6","stroke-width":1,"fill":"#9aa0a6","fill-opacity":0.06,"marker-color":"#9aa0a6"},"geometry":{"type":"Polygon","coordinates":[[[54.000000,-56.700000],[72.000000,-56.700000],[72.000000,-47.250000],[54.000000,-47.250000],[54.000000,-56.700000]]]}},
    {"type":"Feature","properties":{"name":"S6E5","label":"S6E5","text":"S6E5","region":"S6E5","covered":false,"maps":1,"map_bytes":19548,"profiles":"12","west":72.000000,"south":-56.700000,"east":90.000000,"north":-47.250000,"lon":81.000000,"lat":-51.975000,"stroke":"#9aa0a6","stroke-width":1,"fill":"#9aa0a6","fill-opacity":0.06,"marker-color":"#9aa0a6"},"geometry":{"type":"Polygon","coordinates":[[[72.000000,-56.700000],[90.000000,-56.700000],[90.000000,-47.250000],[72.000000,-47.250000],[72.000000,-56.700000]]]}},
    {"type":"Feature","properties":{"name":"S6E6","label":"S6E6","text":"S6E6","region":"S6E6","covered":false,"maps":1,"map_bytes":19476,"profiles":"12","west":90.000000,"south":-56.700000,"east":108.000000,"north":-47.250000,"lon":99.000000,"lat":-51.975000,"stroke":"#9aa0a6","stroke-width":1,"fill":"#9aa0a6","fill-opacity":0.06,"marker-color":"#9aa0a6"},"geometry":{"type":"Polygon","coordinates":[[[90.000000,-56.700000],[108.000000,-56.700000],[108.000000,-47.250000],[90.000000,-47.250000],[90.000000,-56.700000]]]}},
    {"type":"Feature","properties":{"name":"S6E7","label":"S6E7","text":"S6E7","region":"S6E7","covered":false,"maps":1,"map_bytes":19548,"profiles":"12","west":108.000000,"south":-56.700000,"east":126.000000,"north":-47.250000,"lon":117.000000,"lat":-51.975000,"stroke":"#9aa0a6","stroke-width":1,"fill":"#9aa0a6","fill-opacity":0.06,"marker-color":"#9aa0a6"},"geometry":{"type":"Polygon","coordinates":[[[108.000000,-56.700000],[126.000000,-56.700000],[126.000000,-47.250000],[108.000000,-47.250000],[108.000000,-56.700000]]]}},
    {"type":"Feature","properties":{"name":"S6E8","label":"S6E8","text":"S6E8","region":"S6E8","covered":false,"maps":1,"map_bytes":21928,"profiles":"12","west":126.000000,"south":-56.700000,"east":143.999999,"north":-47.250000,"lon":134.999999,"lat":-51.975000,"stroke":"#9aa0a6","stroke-width":1,"fill":"#9aa0a6","fill-opacity":0.06,"marker-color":"#9aa0a6"},"geometry":{"type":"Polygon","coordinates":[[[126.000000,-56.700000],[143.999999,-56.700000],[143.999999,-47.250000],[126.000000,-47.250000],[126.000000,-56.700000]]]}},
    {"type":"Feature","properties":{"name":"S6E9","label":"S6E9","text":"S6E9","region":"S6E9","covered":false,"maps":1,"map_bytes":28300,"profiles":"12","west":143.999999,"south":-56.700000,"east":161.999999,"north":-47.250000,"lon":152.999999,"lat":-51.975000,"stroke":"#9aa0a6","stroke-width":1,"fill":"#9aa0a6","fill-opacity":0.06,"marker-color":"#9aa0a6"},"geometry":{"type":"Polygon","coordinates":[[[143.999999,-56.700000],[161.999999,-56.700000],[161.999999,-47.250000],[143.999999,-47.250000],[143.999999,-56.700000]]]}},
    {"type":"Feature","properties":{"name":"S6W1","label":"S6W1","text":"S6W1","region":"S6W1","covered":false,"maps":1,"map_bytes":32308,"profiles":"12","west":-18.000000,"south":-56.700000,"east":0.000000,"north":-47.250000,"lon":-9.000000,"lat":-51.975000,"stroke":"#9aa0a6","stroke-width":1,"fill":"#9aa0a6","fill-opacity":0.06,"marker-color":"#9aa0a6"},"geometry":{"type":"Polygon","coordinates":[[[-18.000000,-56.700000],[0.000000,-56.700000],[0.000000,-47.250000],[-18.000000,-47.250000],[-18.000000,-56.700000]]]}},
    {"type":"Feature","properties":{"name":"S6W10","label":"S6W10","text":"S6W10","region":"S6W10","covered":false,"maps":1,"map_bytes":25724,"profiles":"12","west":-179.999999,"south":-56.700000,"east":-161.999999,"north":-47.250000,"lon":-170.999999,"lat":-51.975000,"stroke":"#9aa0a6","stroke-width":1,"fill":"#9aa0a6","fill-opacity":0.06,"marker-color":"#9aa0a6"},"geometry":{"type":"Polygon","coordinates":[[[-179.999999,-56.700000],[-161.999999,-56.700000],[-161.999999,-47.250000],[-179.999999,-47.250000],[-179.999999,-56.700000]]]}},
    {"type":"Feature","properties":{"name":"S6W2","label":"S6W2","text":"S6W2","region":"S6W2","covered":false,"maps":1,"map_bytes":38916,"profiles":"12","west":-36.000000,"south":-56.700000,"east":-18.000000,"north":-47.250000,"lon":-27.000000,"lat":-51.975000,"stroke":"#9aa0a6","stroke-width":1,"fill":"#9aa0a6","fill-opacity":0.06,"marker-color":"#9aa0a6"},"geometry":{"type":"Polygon","coordinates":[[[-36.000000,-56.700000],[-18.000000,-56.700000],[-18.000000,-47.250000],[-36.000000,-47.250000],[-36.000000,-56.700000]]]}},
    {"type":"Feature","properties":{"name":"S6W3","label":"S6W3","text":"S6W3","region":"S6W3","covered":false,"maps":1,"map_bytes":34300,"profiles":"12","west":-54.000000,"south":-56.700000,"east":-36.000000,"north":-47.250000,"lon":-45.000000,"lat":-51.975000,"stroke":"#9aa0a6","stroke-width":1,"fill":"#9aa0a6","fill-opacity":0.06,"marker-color":"#9aa0a6"},"geometry":{"type":"Polygon","coordinates":[[[-54.000000,-56.700000],[-36.000000,-56.700000],[-36.000000,-47.250000],[-54.000000,-47.250000],[-54.000000,-56.700000]]]}},
    {"type":"Feature","properties":{"name":"S6W4","label":"S6W4","text":"S6W4","region":"S6W4","covered":false,"maps":1,"map_bytes":130708,"profiles":"12","west":-72.000000,"south":-56.700000,"east":-54.000000,"north":-47.250000,"lon":-63.000000,"lat":-51.975000,"stroke":"#9aa0a6","stroke-width":1,"fill":"#9aa0a6","fill-opacity":0.06,"marker-color":"#9aa0a6"},"geometry":{"type":"Polygon","coordinates":[[[-72.000000,-56.700000],[-54.000000,-56.700000],[-54.000000,-47.250000],[-72.000000,-47.250000],[-72.000000,-56.700000]]]}},
    {"type":"Feature","properties":{"name":"S6W5","label":"S6W5","text":"S6W5","region":"S6W5","covered":false,"maps":1,"map_bytes":218124,"profiles":"12","west":-90.000000,"south":-56.700000,"east":-72.000000,"north":-47.250000,"lon":-81.000000,"lat":-51.975000,"stroke":"#9aa0a6","stroke-width":1,"fill":"#9aa0a6","fill-opacity":0.06,"marker-color":"#9aa0a6"},"geometry":{"type":"Polygon","coordinates":[[[-90.000000,-56.700000],[-72.000000,-56.700000],[-72.000000,-47.250000],[-90.000000,-47.250000],[-90.000000,-56.700000]]]}},
    {"type":"Feature","properties":{"name":"S6W6","label":"S6W6","text":"S6W6","region":"S6W6","covered":false,"maps":1,"map_bytes":25476,"profiles":"12","west":-108.000000,"south":-56.700000,"east":-90.000000,"north":-47.250000,"lon":-99.000000,"lat":-51.975000,"stroke":"#9aa0a6","stroke-width":1,"fill":"#9aa0a6","fill-opacity":0.06,"marker-color":"#9aa0a6"},"geometry":{"type":"Polygon","coordinates":[[[-108.000000,-56.700000],[-90.000000,-56.700000],[-90.000000,-47.250000],[-108.000000,-47.250000],[-108.000000,-56.700000]]]}},
    {"type":"Feature","properties":{"name":"S6W7","label":"S6W7","text":"S6W7","region":"S6W7","covered":false,"maps":1,"map_bytes":30460,"profiles":"12","west":-126.000000,"south":-56.700000,"east":-108.000000,"north":-47.250000,"lon":-117.000000,"lat":-51.975000,"stroke":"#9aa0a6","stroke-width":1,"fill":"#9aa0a6","fill-opacity":0.06,"marker-color":"#9aa0a6"},"geometry":{"type":"Polygon","coordinates":[[[-126.000000,-56.700000],[-108.000000,-56.700000],[-108.000000,-47.250000],[-126.000000,-47.250000],[-126.000000,-56.700000]]]}},
    {"type":"Feature","properties":{"name":"S6W8","label":"S6W8","text":"S6W8","region":"S6W8","covered":false,"maps":1,"map_bytes":25788,"profiles":"12","west":-143.999999,"south":-56.700000,"east":-126.000000,"north":-47.250000,"lon":-134.999999,"lat":-51.975000,"stroke":"#9aa0a6","stroke-width":1,"fill":"#9aa0a6","fill-opacity":0.06,"marker-color":"#9aa0a6"},"geometry":{"type":"Polygon","coordinates":[[[-143.999999,-56.700000],[-126.000000,-56.700000],[-126.000000,-47.250000],[-143.999999,-47.250000],[-143.999999,-56.700000]]]}},
    {"type":"Feature","properties":{"name":"S6W9","label":"S6W9","text":"S6W9","region":"S6W9","covered":false,"maps":1,"map_bytes":25788,"profiles":"12","west":-161.999999,"south":-56.700000,"east":-143.999999,"north":-47.250000,"lon":-152.999999,"lat":-51.975000,"stroke":"#9aa0a6","stroke-width":1,"fill":"#9aa0a6","fill-opacity":0.06,"marker-color":"#9aa0a6"},"geometry":{"type":"Polygon","coordinates":[[[-161.999999,-56.700000],[-143.999999,-56.700000],[-143.999999,-47.250000],[-161.999999,-47.250000],[-161.999999,-56.700000]]]}},
    {"type":"Feature","properties":{"name":"S7E1","label":"S7E1","text":"S7E1","region":"S7E1","covered":false,"maps":1,"map_bytes":26240,"profiles":"12","west":0.000000,"south":-66.150000,"east":25.714286,"north":-56.700000,"lon":12.857143,"lat":-61.425000,"stroke":"#9aa0a6","stroke-width":1,"fill":"#9aa0a6","fill-opacity":0.06,"marker-color":"#9aa0a6"},"geometry":{"type":"Polygon","coordinates":[[[0.000000,-66.150000],[25.714286,-66.150000],[25.714286,-56.700000],[0.000000,-56.700000],[0.000000,-66.150000]]]}},
    {"type":"Feature","properties":{"name":"S7E2","label":"S7E2","text":"S7E2","region":"S7E2","covered":false,"maps":1,"map_bytes":23532,"profiles":"12","west":25.714286,"south":-66.150000,"east":51.428571,"north":-56.700000,"lon":38.571429,"lat":-61.425000,"stroke":"#9aa0a6","stroke-width":1,"fill":"#9aa0a6","fill-opacity":0.06,"marker-color":"#9aa0a6"},"geometry":{"type":"Polygon","coordinates":[[[25.714286,-66.150000],[51.428571,-66.150000],[51.428571,-56.700000],[25.714286,-56.700000],[25.714286,-66.150000]]]}},
    {"type":"Feature","properties":{"name":"S7E3","label":"S7E3","text":"S7E3","region":"S7E3","covered":false,"maps":1,"map_bytes":23588,"profiles":"12","west":51.428571,"south":-66.150000,"east":77.142857,"north":-56.700000,"lon":64.285714,"lat":-61.425000,"stroke":"#9aa0a6","stroke-width":1,"fill":"#9aa0a6","fill-opacity":0.06,"marker-color":"#9aa0a6"},"geometry":{"type":"Polygon","coordinates":[[[51.428571,-66.150000],[77.142857,-66.150000],[77.142857,-56.700000],[51.428571,-56.700000],[51.428571,-66.150000]]]}},
    {"type":"Feature","properties":{"name":"S7E4","label":"S7E4","text":"S7E4","region":"S7E4","covered":false,"maps":1,"map_bytes":26028,"profiles":"12","west":77.142857,"south":-66.150000,"east":102.857143,"north":-56.700000,"lon":90.000000,"lat":-61.425000,"stroke":"#9aa0a6","stroke-width":1,"fill":"#9aa0a6","fill-opacity":0.06,"marker-color":"#9aa0a6"},"geometry":{"type":"Polygon","coordinates":[[[77.142857,-66.150000],[102.857143,-66.150000],[102.857143,-56.700000],[77.142857,-56.700000],[77.142857,-66.150000]]]}},
    {"type":"Feature","properties":{"name":"S7E5","label":"S7E5","text":"S7E5","region":"S7E5","covered":false,"maps":1,"map_bytes":24156,"profiles":"12","west":102.857143,"south":-66.150000,"east":128.571428,"north":-56.700000,"lon":115.714286,"lat":-61.425000,"stroke":"#9aa0a6","stroke-width":1,"fill":"#9aa0a6","fill-opacity":0.06,"marker-color":"#9aa0a6"},"geometry":{"type":"Polygon","coordinates":[[[102.857143,-66.150000],[128.571428,-66.150000],[128.571428,-56.700000],[102.857143,-56.700000],[102.857143,-66.150000]]]}},
    {"type":"Feature","properties":{"name":"S7E6","label":"S7E6","text":"S7E6","region":"S7E6","covered":false,"maps":1,"map_bytes":28988,"profiles":"12","west":128.571428,"south":-66.150000,"east":154.285714,"north":-56.700000,"lon":141.428571,"lat":-61.425000,"stroke":"#9aa0a6","stroke-width":1,"fill":"#9aa0a6","fill-opacity":0.06,"marker-color":"#9aa0a6"},"geometry":{"type":"Polygon","coordinates":[[[128.571428,-66.150000],[154.285714,-66.150000],[154.285714,-56.700000],[128.571428,-56.700000],[128.571428,-66.150000]]]}},
    {"type":"Feature","properties":{"name":"S7E7","label":"S7E7","text":"S7E7","region":"S7E7","covered":false,"maps":1,"map_bytes":27280,"profiles":"12","west":154.285714,"south":-66.150000,"east":180.000000,"north":-56.700000,"lon":167.142857,"lat":-61.425000,"stroke":"#9aa0a6","stroke-width":1,"fill":"#9aa0a6","fill-opacity":0.06,"marker-color":"#9aa0a6"},"geometry":{"type":"Polygon","coordinates":[[[154.285714,-66.150000],[180.000000,-66.150000],[180.000000,-56.700000],[154.285714,-56.700000],[154.285714,-66.150000]]]}},
    {"type":"Feature","properties":{"name":"S7W1","label":"S7W1","text":"S7W1","region":"S7W1","covered":false,"maps":1,"map_bytes":29032,"profiles":"12","west":-25.714286,"south":-66.150000,"east":0.000000,"north":-56.700000,"lon":-12.857143,"lat":-61.425000,"stroke":"#9aa0a6","stroke-width":1,"fill":"#9aa0a6","fill-opacity":0.06,"marker-color":"#9aa0a6"},"geometry":{"type":"Polygon","coordinates":[[[-25.714286,-66.150000],[0.000000,-66.150000],[0.000000,-56.700000],[-25.714286,-56.700000],[-25.714286,-66.150000]]]}},
    {"type":"Feature","properties":{"name":"S7W2","label":"S7W2","text":"S7W2","region":"S7W2","covered":false,"maps":1,"map_bytes":28252,"profiles":"12","west":-51.428571,"south":-66.150000,"east":-25.714286,"north":-56.700000,"lon":-38.571429,"lat":-61.425000,"stroke":"#9aa0a6","stroke-width":1,"fill":"#9aa0a6","fill-opacity":0.06,"marker-color":"#9aa0a6"},"geometry":{"type":"Polygon","coordinates":[[[-51.428571,-66.150000],[-25.714286,-66.150000],[-25.714286,-56.700000],[-51.428571,-56.700000],[-51.428571,-66.150000]]]}},
    {"type":"Feature","properties":{"name":"S7W3","label":"S7W3","text":"S7W3","region":"S7W3","covered":false,"maps":1,"map_bytes":61768,"profiles":"12","west":-77.142857,"south":-66.150000,"east":-51.428571,"north":-56.700000,"lon":-64.285714,"lat":-61.425000,"stroke":"#9aa0a6","stroke-width":1,"fill":"#9aa0a6","fill-opacity":0.06,"marker-color":"#9aa0a6"},"geometry":{"type":"Polygon","coordinates":[[[-77.142857,-66.150000],[-51.428571,-66.150000],[-51.428571,-56.700000],[-77.142857,-56.700000],[-77.142857,-66.150000]]]}},
    {"type":"Feature","properties":{"name":"S7W4","label":"S7W4","text":"S7W4","region":"S7W4","covered":false,"maps":1,"map_bytes":27068,"profiles":"12","west":-102.857143,"south":-66.150000,"east":-77.142857,"north":-56.700000,"lon":-90.000000,"lat":-61.425000,"stroke":"#9aa0a6","stroke-width":1,"fill":"#9aa0a6","fill-opacity":0.06,"marker-color":"#9aa0a6"},"geometry":{"type":"Polygon","coordinates":[[[-102.857143,-66.150000],[-77.142857,-66.150000],[-77.142857,-56.700000],[-102.857143,-56.700000],[-102.857143,-66.150000]]]}},
    {"type":"Feature","properties":{"name":"S7W5","label":"S7W5","text":"S7W5","region":"S7W5","covered":false,"maps":1,"map_bytes":30444,"profiles":"12","west":-128.571428,"south":-66.150000,"east":-102.857143,"north":-56.700000,"lon":-115.714286,"lat":-61.425000,"stroke":"#9aa0a6","stroke-width":1,"fill":"#9aa0a6","fill-opacity":0.06,"marker-color":"#9aa0a6"},"geometry":{"type":"Polygon","coordinates":[[[-128.571428,-66.150000],[-102.857143,-66.150000],[-102.857143,-56.700000],[-128.571428,-56.700000],[-128.571428,-66.150000]]]}},
    {"type":"Feature","properties":{"name":"S7W6","label":"S7W6","text":"S7W6","region":"S7W6","covered":false,"maps":1,"map_bytes":27332,"profiles":"12","west":-154.285714,"south":-66.150000,"east":-128.571428,"north":-56.700000,"lon":-141.428571,"lat":-61.425000,"stroke":"#9aa0a6","stroke-width":1,"fill":"#9aa0a6","fill-opacity":0.06,"marker-color":"#9aa0a6"},"geometry":{"type":"Polygon","coordinates":[[[-154.285714,-66.150000],[-128.571428,-66.150000],[-128.571428,-56.700000],[-154.285714,-56.700000],[-154.285714,-66.150000]]]}},
    {"type":"Feature","properties":{"name":"S7W7","label":"S7W7","text":"S7W7","region":"S7W7","covered":false,"maps":1,"map_bytes":27256,"profiles":"12","west":-180.000000,"south":-66.150000,"east":-154.285714,"north":-56.700000,"lon":-167.142857,"lat":-61.425000,"stroke":"#9aa0a6","stroke-width":1,"fill":"#9aa0a6","fill-opacity":0.06,"marker-color":"#9aa0a6"},"geometry":{"type":"Polygon","coordinates":[[[-180.000000,-66.150000],[-154.285714,-66.150000],[-154.285714,-56.700000],[-180.000000,-56.700000],[-180.000000,-66.150000]]]}},
    {"type":"Feature","properties":{"name":"S8E1","label":"S8E1","text":"S8E1","region":"S8E1","covered":false,"maps":1,"map_bytes":13072,"profiles":"12","west":0.000000,"south":-75.600000,"east":25.714286,"north":-66.150000,"lon":12.857143,"lat":-70.875000,"stroke":"#9aa0a6","stroke-width":1,"fill":"#9aa0a6","fill-opacity":0.06,"marker-color":"#9aa0a6"},"geometry":{"type":"Polygon","coordinates":[[[0.000000,-75.600000],[25.714286,-75.600000],[25.714286,-66.150000],[0.000000,-66.150000],[0.000000,-75.600000]]]}},
    {"type":"Feature","properties":{"name":"S8E2","label":"S8E2","text":"S8E2","region":"S8E2","covered":false,"maps":1,"map_bytes":13780,"profiles":"12","west":25.714286,"south":-75.600000,"east":51.428571,"north":-66.150000,"lon":38.571429,"lat":-70.875000,"stroke":"#9aa0a6","stroke-width":1,"fill":"#9aa0a6","fill-opacity":0.06,"marker-color":"#9aa0a6"},"geometry":{"type":"Polygon","coordinates":[[[25.714286,-75.600000],[51.428571,-75.600000],[51.428571,-66.150000],[25.714286,-66.150000],[25.714286,-75.600000]]]}},
    {"type":"Feature","properties":{"name":"S8E3","label":"S8E3","text":"S8E3","region":"S8E3","covered":false,"maps":1,"map_bytes":12196,"profiles":"12","west":51.428571,"south":-75.600000,"east":77.142857,"north":-66.150000,"lon":64.285714,"lat":-70.875000,"stroke":"#9aa0a6","stroke-width":1,"fill":"#9aa0a6","fill-opacity":0.06,"marker-color":"#9aa0a6"},"geometry":{"type":"Polygon","coordinates":[[[51.428571,-75.600000],[77.142857,-75.600000],[77.142857,-66.150000],[51.428571,-66.150000],[51.428571,-75.600000]]]}},
    {"type":"Feature","properties":{"name":"S8E4","label":"S8E4","text":"S8E4","region":"S8E4","covered":false,"maps":1,"map_bytes":9428,"profiles":"12","west":77.142857,"south":-75.600000,"east":102.857143,"north":-66.150000,"lon":90.000000,"lat":-70.875000,"stroke":"#9aa0a6","stroke-width":1,"fill":"#9aa0a6","fill-opacity":0.06,"marker-color":"#9aa0a6"},"geometry":{"type":"Polygon","coordinates":[[[77.142857,-75.600000],[102.857143,-75.600000],[102.857143,-66.150000],[77.142857,-66.150000],[77.142857,-75.600000]]]}},
    {"type":"Feature","properties":{"name":"S8E5","label":"S8E5","text":"S8E5","region":"S8E5","covered":false,"maps":1,"map_bytes":7936,"profiles":"12","west":102.857143,"south":-75.600000,"east":128.571428,"north":-66.150000,"lon":115.714286,"lat":-70.875000,"stroke":"#9aa0a6","stroke-width":1,"fill":"#9aa0a6","fill-opacity":0.06,"marker-color":"#9aa0a6"},"geometry":{"type":"Polygon","coordinates":[[[102.857143,-75.600000],[128.571428,-75.600000],[128.571428,-66.150000],[102.857143,-66.150000],[102.857143,-75.600000]]]}},
    {"type":"Feature","properties":{"name":"S8E6","label":"S8E6","text":"S8E6","region":"S8E6","covered":false,"maps":1,"map_bytes":8268,"profiles":"12","west":128.571428,"south":-75.600000,"east":154.285714,"north":-66.150000,"lon":141.428571,"lat":-70.875000,"stroke":"#9aa0a6","stroke-width":1,"fill":"#9aa0a6","fill-opacity":0.06,"marker-color":"#9aa0a6"},"geometry":{"type":"Polygon","coordinates":[[[128.571428,-75.600000],[154.285714,-75.600000],[154.285714,-66.150000],[128.571428,-66.150000],[128.571428,-75.600000]]]}},
    {"type":"Feature","properties":{"name":"S8E7","label":"S8E7","text":"S8E7","region":"S8E7","covered":false,"maps":1,"map_bytes":24424,"profiles":"12","west":154.285714,"south":-75.600000,"east":180.000000,"north":-66.150000,"lon":167.142857,"lat":-70.875000,"stroke":"#9aa0a6","stroke-width":1,"fill":"#9aa0a6","fill-opacity":0.06,"marker-color":"#9aa0a6"},"geometry":{"type":"Polygon","coordinates":[[[154.285714,-75.600000],[180.000000,-75.600000],[180.000000,-66.150000],[154.285714,-66.150000],[154.285714,-75.600000]]]}},
    {"type":"Feature","properties":{"name":"S8W1","label":"S8W1","text":"S8W1","region":"S8W1","covered":false,"maps":1,"map_bytes":18000,"profiles":"12","west":-25.714286,"south":-75.600000,"east":0.000000,"north":-66.150000,"lon":-12.857143,"lat":-70.875000,"stroke":"#9aa0a6","stroke-width":1,"fill":"#9aa0a6","fill-opacity":0.06,"marker-color":"#9aa0a6"},"geometry":{"type":"Polygon","coordinates":[[[-25.714286,-75.600000],[0.000000,-75.600000],[0.000000,-66.150000],[-25.714286,-66.150000],[-25.714286,-75.600000]]]}},
    {"type":"Feature","properties":{"name":"S8W2","label":"S8W2","text":"S8W2","region":"S8W2","covered":false,"maps":1,"map_bytes":20024,"profiles":"12","west":-51.428571,"south":-75.600000,"east":-25.714286,"north":-66.150000,"lon":-38.571429,"lat":-70.875000,"stroke":"#9aa0a6","stroke-width":1,"fill":"#9aa0a6","fill-opacity":0.06,"marker-color":"#9aa0a6"},"geometry":{"type":"Polygon","coordinates":[[[-51.428571,-75.600000],[-25.714286,-75.600000],[-25.714286,-66.150000],[-51.428571,-66.150000],[-51.428571,-75.600000]]]}},
    {"type":"Feature","properties":{"name":"S8W3","label":"S8W3","text":"S8W3","region":"S8W3","covered":false,"maps":1,"map_bytes":46920,"profiles":"12","west":-77.142857,"south":-75.600000,"east":-51.428571,"north":-66.150000,"lon":-64.285714,"lat":-70.875000,"stroke":"#9aa0a6","stroke-width":1,"fill":"#9aa0a6","fill-opacity":0.06,"marker-color":"#9aa0a6"},"geometry":{"type":"Polygon","coordinates":[[[-77.142857,-75.600000],[-51.428571,-75.600000],[-51.428571,-66.150000],[-77.142857,-66.150000],[-77.142857,-75.600000]]]}},
    {"type":"Feature","properties":{"name":"S8W4","label":"S8W4","text":"S8W4","region":"S8W4","covered":false,"maps":1,"map_bytes":27544,"profiles":"12","west":-102.857143,"south":-75.600000,"east":-77.142857,"north":-66.150000,"lon":-90.000000,"lat":-70.875000,"stroke":"#9aa0a6","stroke-width":1,"fill":"#9aa0a6","fill-opacity":0.06,"marker-color":"#9aa0a6"},"geometry":{"type":"Polygon","coordinates":[[[-102.857143,-75.600000],[-77.142857,-75.600000],[-77.142857,-66.150000],[-102.857143,-66.150000],[-102.857143,-75.600000]]]}},
    {"type":"Feature","properties":{"name":"S8W5","label":"S8W5","text":"S8W5","region":"S8W5","covered":false,"maps":1,"map_bytes":25212,"profiles":"12","west":-128.571428,"south":-75.600000,"east":-102.857143,"north":-66.150000,"lon":-115.714286,"lat":-70.875000,"stroke":"#9aa0a6","stroke-width":1,"fill":"#9aa0a6","fill-opacity":0.06,"marker-color":"#9aa0a6"},"geometry":{"type":"Polygon","coordinates":[[[-128.571428,-75.600000],[-102.857143,-75.600000],[-102.857143,-66.150000],[-128.571428,-66.150000],[-128.571428,-75.600000]]]}},
    {"type":"Feature","properties":{"name":"S8W6","label":"S8W6","text":"S8W6","region":"S8W6","covered":false,"maps":1,"map_bytes":22528,"profiles":"12","west":-154.285714,"south":-75.600000,"east":-128.571428,"north":-66.150000,"lon":-141.428571,"lat":-70.875000,"stroke":"#9aa0a6","stroke-width":1,"fill":"#9aa0a6","fill-opacity":0.06,"marker-color":"#9aa0a6"},"geometry":{"type":"Polygon","coordinates":[[[-154.285714,-75.600000],[-128.571428,-75.600000],[-128.571428,-66.150000],[-154.285714,-66.150000],[-154.285714,-75.600000]]]}},
    {"type":"Feature","properties":{"name":"S8W7","label":"S8W7","text":"S8W7","region":"S8W7","covered":false,"maps":1,"map_bytes":19952,"profiles":"12","west":-180.000000,"south":-75.600000,"east":-154.285714,"north":-66.150000,"lon":-167.142857,"lat":-70.875000,"stroke":"#9aa0a6","stroke-width":1,"fill":"#9aa0a6","fill-opacity":0.06,"marker-color":"#9aa0a6"},"geometry":{"type":"Polygon","coordinates":[[[-180.000000,-75.600000],[-154.285714,-75.600000],[-154.285714,-66.150000],[-180.000000,-66.150000],[-180.000000,-75.600000]]]}}
  ]
}
